id_venda,id_cliente,id_vendedor,data_venda,forma_pagamento,status
1,47,3,2025-07-03,Pix,Concluída
2,765,13,2025-10-07,Cartão,Concluída
3,313,7,2025-06-26,Transferência,Concluída
4,688,8,2025-02-21,Pix,Concluída
5,324,14,2025-03-28,Boleto,Concluída
6,368,10,2025-09-07,Pix,Concluída
7,752,3,2025-02-08,Pix,Concluída
8,679,8,2025-11-11,Cartão,Concluída
9,903,2,2025-01-21,Boleto,Concluída
10,558,19,2025-03-31,Transferência,Concluída
11,619,1,2025-09-14,Transferência,Concluída
12,677,8,2025-08-01,Pix,Concluída
13,185,17,2025-07-27,Pix,Concluída
14,187,20,2025-12-04,Boleto,Concluída
15,112,1,2025-04-14,Transferência,Concluída
16,771,4,2025-02-17,Cartão,Concluída
17,613,18,2025-07-29,Cartão,Concluída
18,8,13,2025-12-02,Boleto,Concluída
19,496,9,2025-06-07,Boleto,Concluída
20,6,3,2025-03-16,Transferência,Concluída
21,39,13,2025-07-25,Boleto,Concluída
22,410,12,2025-12-09,Transferência,Concluída
23,516,10,2025-06-24,Boleto,Concluída
24,694,8,2025-06-11,Boleto,Concluída
25,754,8,2025-05-16,Cartão,Concluída
26,629,1,2025-10-05,Transferência,Concluída
27,490,18,2025-01-17,Boleto,Concluída
28,562,9,2025-05-02,Transferência,Concluída
29,201,5,2025-03-18,Pix,Concluída
30,576,19,2025-01-25,Pix,Concluída
31,369,18,2025-10-13,Boleto,Concluída
32,621,7,2025-10-23,Cartão,Concluída
33,951,11,2025-08-04,Transferência,Concluída
34,669,10,2025-12-30,Transferência,Concluída
35,258,3,2025-04-18,Transferência,Concluída
36,56,1,2025-07-23,Pix,Concluída
37,400,10,2025-04-28,Boleto,Concluída
38,767,19,2025-08-11,Boleto,Concluída
39,9,16,2025-09-02,Pix,Concluída
40,783,20,2025-12-22,Boleto,Concluída
41,638,16,2025-04-07,Pix,Concluída
42,9,8,2025-02-16,Pix,Concluída
43,918,9,2025-07-15,Pix,Concluída
44,534,7,2025-08-31,Boleto,Concluída
45,683,7,2025-02-27,Transferência,Concluída
46,790,3,2025-05-08,Transferência,Concluída
47,641,2,2025-01-31,Cartão,Concluída
48,502,7,2025-10-18,Boleto,Concluída
49,389,6,2025-01-10,Boleto,Concluída
50,498,7,2025-02-20,Transferência,Concluída
51,572,14,2025-07-08,Pix,Concluída
52,591,12,2025-12-12,Transferência,Concluída
53,674,6,2025-10-01,Transferência,Concluída
54,785,18,2025-05-11,Transferência,Concluída
55,707,9,2025-10-11,Cartão,Concluída
56,376,19,2025-05-08,Boleto,Concluída
57,749,19,2025-07-15,Pix,Concluída
58,56,10,2025-09-26,Boleto,Concluída
59,409,9,2025-02-13,Transferência,Concluída
60,537,8,2025-05-05,Boleto,Concluída
61,453,20,2025-03-16,Pix,Concluída
62,972,20,2025-03-17,Pix,Concluída
63,145,1,2025-07-12,Pix,Concluída
64,873,12,2025-02-25,Boleto,Concluída
65,342,16,2025-07-21,Cartão,Cancelada
66,514,9,2025-02-01,Boleto,Concluída
67,437,10,2025-11-06,Transferência,Concluída
68,150,1,2025-06-13,Transferência,Concluída
69,611,8,2025-04-29,Pix,Concluída
70,198,8,2025-01-17,Pix,Concluída
71,438,13,2025-01-22,Transferência,Concluída
72,397,17,2025-11-19,Cartão,Concluída
73,475,15,2025-02-16,Pix,Cancelada
74,730,7,2025-08-21,Boleto,Concluída
75,811,17,2025-11-10,Transferência,Concluída
76,784,9,2025-01-07,Transferência,Concluída
77,669,12,2025-01-19,Pix,Concluída
78,840,3,2025-08-07,Pix,Concluída
79,542,3,2025-09-05,Boleto,Cancelada
80,2,4,2025-01-13,Pix,Concluída
81,289,9,2025-02-04,Boleto,Concluída
82,886,18,2025-06-21,Transferência,Concluída
83,569,18,2025-01-10,Boleto,Concluída
84,802,10,2025-12-28,Pix,Concluída
85,207,3,2025-08-16,Pix,Concluída
86,397,17,2025-03-01,Boleto,Concluída
87,106,17,2025-12-04,Boleto,Cancelada
88,206,7,2025-05-27,Boleto,Concluída
89,319,20,2025-06-23,Transferência,Concluída
90,109,13,2025-01-28,Transferência,Concluída
91,822,15,2025-02-19,Boleto,Concluída
92,116,12,2025-09-03,Cartão,Concluída
93,424,8,2025-11-14,Cartão,Concluída
94,334,18,2025-02-19,Cartão,Concluída
95,909,19,2025-11-22,Cartão,Concluída
96,307,19,2025-12-14,Transferência,Concluída
97,368,4,2025-05-25,Cartão,Concluída
98,894,5,2025-03-10,Pix,Concluída
99,140,3,2025-03-12,Transferência,Concluída
100,243,17,2025-05-18,Boleto,Concluída
101,494,3,2025-03-14,Boleto,Cancelada
102,481,19,2025-06-19,Boleto,Concluída
103,756,20,2025-01-14,Transferência,Concluída
104,136,20,2025-05-24,Boleto,Concluída
105,757,5,2025-12-04,Boleto,Concluída
106,149,20,2025-03-20,Transferência,Concluída
107,771,18,2025-04-30,Transferência,Concluída
108,941,9,2025-06-21,Boleto,Concluída
109,248,19,2025-04-10,Boleto,Concluída
110,702,15,2025-06-29,Boleto,Concluída
111,385,19,2025-04-05,Cartão,Concluída
112,284,2,2025-07-15,Boleto,Concluída
113,951,7,2025-11-09,Cartão,Concluída
114,669,1,2025-01-20,Transferência,Concluída
115,978,16,2025-03-04,Boleto,Concluída
116,785,10,2025-11-28,Cartão,Concluída
117,554,10,2025-09-13,Transferência,Concluída
118,44,13,2025-03-02,Transferência,Concluída
119,626,6,2025-10-30,Pix,Concluída
120,346,13,2025-06-16,Cartão,Concluída
121,169,15,2025-05-05,Pix,Concluída
122,949,3,2025-12-28,Boleto,Concluída
123,91,10,2025-06-28,Pix,Concluída
124,945,2,2025-01-28,Boleto,Concluída
125,528,4,2025-02-06,Transferência,Concluída
126,466,6,2025-07-18,Cartão,Concluída
127,161,20,2025-03-29,Cartão,Concluída
128,485,15,2025-05-23,Transferência,Concluída
129,428,2,2025-01-21,Pix,Concluída
130,166,15,2025-10-20,Pix,Cancelada
131,715,20,2025-10-05,Cartão,Concluída
132,969,12,2025-01-27,Transferência,Concluída
133,117,16,2025-10-25,Cartão,Concluída
134,498,17,2025-09-27,Transferência,Concluída
135,509,5,2025-04-15,Pix,Concluída
136,344,14,2025-10-24,Boleto,Concluída
137,980,6,2025-11-13,Boleto,Concluída
138,379,6,2025-04-16,Pix,Concluída
139,951,11,2025-03-21,Boleto,Concluída
140,565,4,2025-06-07,Transferência,Concluída
141,620,17,2025-01-29,Boleto,Concluída
142,826,14,2025-08-01,Pix,Concluída
143,775,13,2025-02-15,Transferência,Concluída
144,847,10,2025-10-27,Transferência,Concluída
145,764,12,2025-10-25,Transferência,Concluída
146,710,5,2025-07-02,Pix,Concluída
147,172,18,2025-06-15,Boleto,Concluída
148,944,6,2025-02-22,Cartão,Concluída
149,763,4,2025-04-24,Cartão,Concluída
150,776,14,2025-01-22,Pix,Concluída
151,45,3,2025-06-04,Pix,Concluída
152,923,7,2025-04-05,Boleto,Concluída
153,972,19,2025-06-28,Cartão,Concluída
154,487,12,2025-12-24,Cartão,Concluída
155,296,18,2025-01-21,Boleto,Concluída
156,14,16,2025-12-11,Transferência,Concluída
157,414,4,2025-04-30,Transferência,Concluída
158,151,15,2025-02-25,Boleto,Concluída
159,779,3,2025-12-05,Transferência,Cancelada
160,471,2,2025-01-17,Boleto,Concluída
161,568,18,2025-10-20,Transferência,Concluída
162,390,4,2025-08-08,Boleto,Concluída
163,433,19,2025-09-21,Boleto,Concluída
164,387,19,2025-07-19,Pix,Concluída
165,295,9,2025-01-25,Transferência,Concluída
166,544,16,2025-08-07,Boleto,Concluída
167,680,18,2025-06-10,Transferência,Concluída
168,62,17,2025-04-13,Transferência,Concluída
169,274,10,2025-11-27,Boleto,Concluída
170,564,6,2025-11-26,Transferência,Concluída
171,66,14,2025-07-06,Pix,Concluída
172,853,19,2025-07-19,Cartão,Cancelada
173,285,5,2025-07-05,Boleto,Concluída
174,655,12,2025-12-17,Cartão,Concluída
175,901,14,2025-01-18,Pix,Concluída
176,54,6,2025-11-19,Cartão,Concluída
177,85,4,2025-03-22,Cartão,Concluída
178,230,1,2025-01-12,Cartão,Concluída
179,173,2,2025-07-25,Transferência,Concluída
180,134,14,2025-04-16,Cartão,Concluída
181,701,15,2025-02-13,Transferência,Concluída
182,98,18,2025-01-31,Boleto,Concluída
183,391,10,2025-07-22,Boleto,Concluída
184,136,3,2025-06-12,Transferência,Concluída
185,290,9,2025-11-10,Boleto,Devolvida
186,727,18,2025-09-06,Transferência,Concluída
187,890,10,2025-04-03,Boleto,Concluída
188,975,4,2025-06-15,Pix,Concluída
189,609,1,2025-06-18,Transferência,Concluída
190,95,13,2025-05-11,Cartão,Concluída
191,377,17,2025-04-13,Transferência,Concluída
192,731,5,2025-09-11,Pix,Concluída
193,940,2,2025-09-20,Transferência,Concluída
194,305,11,2025-10-28,Transferência,Cancelada
195,415,20,2025-09-07,Boleto,Concluída
196,809,18,2025-04-08,Boleto,Concluída
197,646,14,2025-08-01,Boleto,Concluída
198,627,16,2025-04-29,Pix,Concluída
199,602,11,2025-11-05,Transferência,Concluída
200,865,6,2025-11-15,Boleto,Concluída
201,621,16,2025-02-21,Transferência,Concluída
202,117,20,2025-04-27,Cartão,Concluída
203,774,4,2025-02-24,Pix,Concluída
204,788,1,2025-05-06,Boleto,Concluída
205,440,14,2025-07-29,Boleto,Concluída
206,530,3,2025-02-13,Boleto,Concluída
207,353,1,2025-05-24,Cartão,Concluída
208,219,3,2025-09-19,Boleto,Concluída
209,964,4,2025-08-18,Pix,Concluída
210,101,5,2025-12-31,Transferência,Concluída
211,220,15,2025-02-09,Transferência,Concluída
212,34,6,2025-10-14,Pix,Concluída
213,839,16,2025-01-02,Boleto,Concluída
214,580,15,2025-06-22,Transferência,Concluída
215,887,6,2025-12-29,Boleto,Concluída
216,909,19,2025-08-16,Boleto,Concluída
217,787,3,2025-03-20,Transferência,Concluída
218,423,11,2025-05-13,Pix,Concluída
219,505,17,2025-09-16,Pix,Concluída
220,805,5,2025-06-05,Transferência,Concluída
221,850,20,2025-05-29,Cartão,Concluída
222,697,13,2025-06-29,Cartão,Concluída
223,280,8,2025-12-06,Boleto,Concluída
224,10,6,2025-07-31,Transferência,Concluída
225,9,4,2025-08-25,Cartão,Concluída
226,505,20,2025-04-18,Cartão,Concluída
227,281,7,2025-12-14,Boleto,Concluída
228,324,1,2025-07-20,Boleto,Concluída
229,707,14,2025-02-08,Cartão,Concluída
230,817,11,2025-05-09,Pix,Concluída
231,35,13,2025-06-10,Pix,Concluída
232,573,2,2025-05-31,Transferência,Concluída
233,676,20,2025-01-06,Transferência,Concluída
234,927,19,2025-03-06,Boleto,Concluída
235,367,10,2025-10-26,Cartão,Concluída
236,856,18,2025-01-28,Boleto,Concluída
237,615,11,2025-10-24,Boleto,Concluída
238,410,6,2025-01-04,Pix,Concluída
239,451,7,2025-11-20,Boleto,Concluída
240,225,9,2025-03-31,Cartão,Concluída
241,671,4,2025-06-23,Boleto,Concluída
242,384,11,2025-11-03,Cartão,Concluída
243,153,11,2025-05-07,Boleto,Concluída
244,172,17,2025-07-18,Boleto,Cancelada
245,314,14,2025-07-13,Cartão,Concluída
246,419,12,2025-09-12,Boleto,Concluída
247,560,7,2025-06-20,Boleto,Concluída
248,843,12,2025-07-26,Pix,Concluída
249,789,14,2025-04-18,Transferência,Concluída
250,805,2,2025-03-13,Boleto,Concluída
251,33,20,2025-09-08,Cartão,Concluída
252,12,6,2025-06-17,Transferência,Concluída
253,443,16,2025-03-23,Boleto,Concluída
254,468,12,2025-12-25,Boleto,Concluída
255,281,18,2025-05-30,Pix,Concluída
256,785,11,2025-07-29,Cartão,Concluída
257,118,5,2025-06-17,Transferência,Concluída
258,401,6,2025-02-09,Pix,Concluída
259,54,20,2025-01-03,Transferência,Concluída
260,346,7,2025-12-15,Pix,Concluída
261,525,4,2025-06-17,Cartão,Concluída
262,421,10,2025-11-03,Pix,Concluída
263,600,15,2025-07-15,Cartão,Concluída
264,285,11,2025-11-26,Pix,Devolvida
265,67,16,2025-02-05,Pix,Concluída
266,743,15,2025-06-09,Cartão,Concluída
267,82,12,2025-07-23,Cartão,Concluída
268,390,15,2025-06-06,Boleto,Concluída
269,502,10,2025-11-25,Pix,Concluída
270,949,14,2025-05-07,Transferência,Concluída
271,715,5,2025-05-14,Transferência,Concluída
272,923,3,2025-09-23,Transferência,Concluída
273,771,3,2025-02-25,Boleto,Concluída
274,504,1,2025-02-19,Transferência,Concluída
275,419,15,2025-11-17,Pix,Concluída
276,497,4,2025-01-05,Boleto,Concluída
277,8,13,2025-11-05,Boleto,Concluída
278,826,4,2025-01-02,Transferência,Concluída
279,675,16,2025-09-21,Cartão,Concluída
280,47,11,2025-12-14,Cartão,Concluída
281,309,18,2025-08-28,Transferência,Concluída
282,967,3,2025-02-24,Pix,Concluída
283,687,4,2025-12-07,Transferência,Concluída
284,785,20,2025-02-03,Boleto,Concluída
285,763,4,2025-10-21,Cartão,Concluída
286,957,5,2025-09-24,Cartão,Concluída
287,149,10,2025-04-23,Transferência,Concluída
288,706,4,2025-05-21,Transferência,Concluída
289,751,8,2025-12-25,Pix,Cancelada
290,346,14,2025-12-14,Boleto,Concluída
291,453,16,2025-05-30,Cartão,Concluída
292,152,13,2025-08-07,Cartão,Concluída
293,54,4,2025-09-21,Boleto,Concluída
294,377,1,2025-03-03,Pix,Concluída
295,587,16,2025-05-21,Pix,Concluída
296,552,4,2025-04-17,Pix,Concluída
297,212,6,2025-02-14,Boleto,Concluída
298,558,6,2025-08-05,Pix,Concluída
299,361,20,2025-10-03,Cartão,Concluída
300,307,7,2025-03-10,Cartão,Concluída
301,649,7,2025-07-10,Cartão,Concluída
302,342,9,2025-03-16,Boleto,Concluída
303,975,4,2025-03-05,Boleto,Concluída
304,10,17,2025-03-21,Cartão,Concluída
305,624,14,2025-12-28,Cartão,Concluída
306,246,3,2025-03-26,Pix,Concluída
307,896,1,2025-08-06,Cartão,Concluída
308,691,17,2025-04-26,Pix,Concluída
309,553,4,2025-05-29,Transferência,Concluída
310,472,11,2025-06-02,Pix,Concluída
311,442,16,2025-04-12,Cartão,Concluída
312,860,15,2025-03-24,Boleto,Concluída
313,122,14,2025-09-08,Transferência,Concluída
314,812,1,2025-03-06,Boleto,Concluída
315,718,8,2025-12-08,Cartão,Concluída
316,94,2,2025-07-14,Boleto,Concluída
317,288,12,2025-12-31,Cartão,Concluída
318,504,12,2025-06-21,Pix,Concluída
319,134,11,2025-07-04,Boleto,Cancelada
320,352,10,2025-08-31,Cartão,Devolvida
321,991,5,2025-05-29,Pix,Concluída
322,394,18,2025-07-19,Boleto,Concluída
323,467,17,2025-12-29,Boleto,Cancelada
324,137,9,2025-01-27,Cartão,Concluída
325,906,18,2025-05-16,Cartão,Cancelada
326,969,9,2025-11-17,Cartão,Concluída
327,747,6,2025-11-28,Pix,Concluída
328,745,1,2025-11-05,Transferência,Concluída
329,874,3,2025-04-14,Transferência,Concluída
330,362,10,2025-04-26,Transferência,Concluída
331,980,10,2025-07-02,Boleto,Concluída
332,183,14,2025-09-29,Cartão,Concluída
333,153,5,2025-06-13,Transferência,Concluída
334,493,14,2025-11-05,Boleto,Concluída
335,394,3,2025-10-25,Transferência,Concluída
336,874,18,2025-08-04,Cartão,Concluída
337,989,14,2025-07-10,Pix,Concluída
338,455,1,2025-05-27,Cartão,Concluída
339,165,1,2025-07-22,Transferência,Concluída
340,573,20,2025-02-09,Transferência,Concluída
341,555,4,2025-02-03,Pix,Concluída
342,317,1,2025-07-02,Boleto,Cancelada
343,601,2,2025-05-29,Cartão,Concluída
344,442,2,2025-12-31,Transferência,Devolvida
345,785,10,2025-10-08,Transferência,Concluída
346,70,9,2025-10-23,Boleto,Concluída
347,485,9,2025-08-15,Cartão,Concluída
348,411,14,2025-11-14,Cartão,Concluída
349,159,4,2025-05-29,Cartão,Concluída
350,325,11,2025-11-06,Cartão,Concluída
351,217,1,2025-12-17,Boleto,Concluída
352,266,6,2025-01-28,Transferência,Concluída
353,935,19,2025-07-19,Cartão,Concluída
354,962,11,2025-01-08,Transferência,Concluída
355,462,5,2025-11-21,Pix,Concluída
356,171,20,2025-07-13,Boleto,Concluída
357,889,4,2025-12-25,Transferência,Concluída
358,706,14,2025-11-21,Pix,Concluída
359,955,14,2025-02-23,Pix,Concluída
360,721,13,2025-01-04,Cartão,Concluída
361,441,8,2025-10-12,Cartão,Concluída
362,267,18,2025-03-23,Cartão,Concluída
363,608,5,2025-01-15,Pix,Concluída
364,24,19,2025-02-22,Transferência,Concluída
365,322,15,2025-03-24,Boleto,Concluída
366,876,2,2025-03-02,Boleto,Concluída
367,223,1,2025-06-17,Cartão,Concluída
368,977,3,2025-06-28,Boleto,Concluída
369,740,16,2025-08-10,Transferência,Concluída
370,829,11,2025-08-08,Boleto,Concluída
371,735,11,2025-04-20,Boleto,Concluída
372,623,3,2025-10-21,Transferência,Concluída
373,19,19,2025-01-03,Boleto,Concluída
374,482,4,2025-08-01,Boleto,Cancelada
375,933,4,2025-07-11,Pix,Concluída
376,331,14,2025-04-26,Pix,Concluída
377,266,2,2025-02-26,Boleto,Concluída
378,389,9,2025-12-24,Cartão,Concluída
379,729,3,2025-06-30,Cartão,Concluída
380,395,7,2025-09-07,Boleto,Concluída
381,109,5,2025-04-23,Transferência,Concluída
382,192,9,2025-01-15,Transferência,Concluída
383,51,13,2025-08-05,Boleto,Concluída
384,255,4,2025-04-23,Pix,Concluída
385,283,8,2025-11-14,Transferência,Concluída
386,705,8,2025-03-29,Pix,Concluída
387,998,9,2025-02-09,Pix,Concluída
388,464,16,2025-06-29,Boleto,Concluída
389,510,1,2025-05-06,Transferência,Concluída
390,180,9,2025-12-14,Boleto,Concluída
391,511,5,2025-08-27,Cartão,Concluída
392,900,10,2025-09-15,Cartão,Concluída
393,443,19,2025-02-11,Cartão,Concluída
394,396,14,2025-07-24,Boleto,Concluída
395,313,3,2025-06-02,Transferência,Concluída
396,774,5,2025-11-11,Cartão,Concluída
397,580,16,2025-12-20,Pix,Concluída
398,576,16,2025-03-11,Cartão,Concluída
399,107,16,2025-01-13,Transferência,Concluída
400,146,8,2025-03-29,Cartão,Concluída
401,12,19,2025-06-05,Transferência,Concluída
402,741,15,2025-05-22,Cartão,Concluída
403,348,15,2025-03-13,Boleto,Concluída
404,70,2,2025-01-16,Cartão,Cancelada
405,828,8,2025-02-23,Transferência,Concluída
406,588,18,2025-04-13,Boleto,Concluída
407,560,3,2025-06-24,Transferência,Concluída
408,641,13,2025-02-06,Pix,Concluída
409,230,10,2025-05-09,Boleto,Concluída
410,590,8,2025-09-23,Boleto,Concluída
411,752,11,2025-12-06,Cartão,Concluída
412,37,16,2025-09-17,Boleto,Concluída
413,438,18,2025-03-12,Transferência,Concluída
414,941,2,2025-05-02,Pix,Concluída
415,408,16,2025-12-03,Pix,Concluída
416,366,8,2025-08-16,Boleto,Concluída
417,141,17,2025-04-29,Cartão,Concluída
418,451,15,2025-02-28,Transferência,Concluída
419,989,3,2025-01-31,Transferência,Concluída
420,345,9,2025-10-30,Pix,Concluída
421,475,14,2025-10-21,Boleto,Cancelada
422,699,9,2025-02-13,Boleto,Concluída
423,455,15,2025-01-09,Pix,Concluída
424,890,16,2025-03-07,Cartão,Concluída
425,594,11,2025-01-22,Cartão,Concluída
426,866,12,2025-10-04,Pix,Concluída
427,668,12,2025-08-29,Pix,Concluída
428,321,17,2025-09-18,Boleto,Concluída
429,230,19,2025-09-15,Transferência,Concluída
430,981,14,2025-07-05,Boleto,Concluída
431,121,3,2025-07-29,Cartão,Concluída
432,888,17,2025-07-18,Boleto,Concluída
433,740,2,2025-02-07,Boleto,Cancelada
434,329,15,2025-04-01,Boleto,Concluída
435,531,17,2025-10-24,Transferência,Concluída
436,122,10,2025-05-21,Transferência,Concluída
437,145,4,2025-04-16,Cartão,Concluída
438,819,7,2025-01-04,Pix,Concluída
439,270,3,2025-03-12,Pix,Concluída
440,947,2,2025-08-10,Boleto,Concluída
441,966,8,2025-12-11,Boleto,Concluída
442,705,9,2025-11-11,Cartão,Concluída
443,303,4,2025-04-23,Boleto,Concluída
444,616,14,2025-12-18,Pix,Concluída
445,56,9,2025-09-06,Cartão,Cancelada
446,338,5,2025-11-06,Pix,Concluída
447,935,12,2025-10-11,Pix,Concluída
448,44,6,2025-05-25,Pix,Concluída
449,759,9,2025-02-13,Pix,Concluída
450,103,9,2025-12-02,Transferência,Concluída
451,26,13,2025-04-29,Boleto,Concluída
452,741,19,2025-04-30,Transferência,Concluída
453,559,16,2025-06-10,Cartão,Concluída
454,203,15,2025-02-28,Transferência,Concluída
455,381,19,2025-11-29,Cartão,Concluída
456,486,1,2025-06-12,Cartão,Concluída
457,63,20,2025-08-28,Cartão,Concluída
458,198,9,2025-05-26,Boleto,Concluída
459,105,5,2025-09-25,Transferência,Concluída
460,823,20,2025-03-17,Cartão,Concluída
461,859,17,2025-06-12,Pix,Concluída
462,435,7,2025-11-12,Cartão,Concluída
463,282,16,2025-07-23,Boleto,Concluída
464,916,5,2025-12-28,Cartão,Cancelada
465,285,7,2025-12-02,Pix,Concluída
466,63,3,2025-04-09,Cartão,Devolvida
467,121,11,2025-08-27,Pix,Concluída
468,966,7,2025-03-09,Pix,Concluída
469,358,17,2025-08-19,Cartão,Concluída
470,720,14,2025-06-27,Boleto,Concluída
471,945,4,2025-09-22,Cartão,Concluída
472,925,4,2025-04-06,Boleto,Concluída
473,749,13,2025-08-31,Boleto,Concluída
474,977,19,2025-07-25,Pix,Concluída
475,143,5,2025-12-06,Pix,Concluída
476,170,15,2025-01-01,Cartão,Concluída
477,158,18,2025-07-11,Transferência,Concluída
478,852,15,2025-12-28,Pix,Concluída
479,601,1,2025-04-24,Cartão,Concluída
480,142,16,2025-04-07,Cartão,Concluída
481,432,6,2025-03-25,Pix,Concluída
482,436,9,2025-11-21,Transferência,Concluída
483,41,4,2025-09-08,Boleto,Concluída
484,304,1,2025-10-05,Cartão,Concluída
485,97,5,2025-03-16,Transferência,Concluída
486,81,11,2025-11-23,Boleto,Cancelada
487,813,8,2025-12-22,Boleto,Concluída
488,474,20,2025-11-22,Pix,Concluída
489,337,18,2025-07-19,Pix,Concluída
490,873,19,2025-02-10,Transferência,Concluída
491,241,13,2025-10-03,Transferência,Concluída
492,681,11,2025-09-15,Transferência,Concluída
493,410,10,2025-01-02,Boleto,Concluída
494,969,1,2025-06-16,Cartão,Concluída
495,670,13,2025-10-10,Cartão,Concluída
496,916,1,2025-04-16,Transferência,Concluída
497,694,14,2025-09-24,Transferência,Concluída
498,551,4,2025-11-07,Pix,Concluída
499,594,4,2025-03-28,Transferência,Concluída
500,706,15,2025-06-19,Boleto,Concluída
501,132,5,2025-11-08,Transferência,Concluída
502,996,12,2025-11-26,Boleto,Concluída
503,471,19,2025-11-23,Cartão,Concluída
504,985,18,2025-10-03,Pix,Concluída
505,851,3,2025-03-09,Boleto,Concluída
506,489,15,2025-02-20,Pix,Concluída
507,10,19,2025-08-09,Transferência,Concluída
508,181,11,2025-09-17,Boleto,Concluída
509,998,17,2025-08-29,Cartão,Concluída
510,843,6,2025-04-10,Pix,Devolvida
511,216,19,2025-12-11,Boleto,Concluída
512,486,20,2025-08-02,Boleto,Devolvida
513,363,11,2025-08-19,Transferência,Concluída
514,572,18,2025-04-13,Transferência,Concluída
515,499,8,2025-05-24,Transferência,Concluída
516,379,15,2025-05-26,Transferência,Concluída
517,604,10,2025-10-21,Pix,Concluída
518,329,15,2025-04-27,Boleto,Concluída
519,50,17,2025-01-31,Boleto,Concluída
520,895,11,2025-10-03,Boleto,Concluída
521,911,5,2025-11-30,Pix,Concluída
522,301,1,2025-11-16,Pix,Concluída
523,229,19,2025-12-12,Boleto,Devolvida
524,236,7,2025-04-14,Cartão,Concluída
525,409,7,2025-04-16,Transferência,Devolvida
526,17,1,2025-07-14,Transferência,Concluída
527,445,10,2025-04-28,Pix,Concluída
528,822,7,2025-12-05,Boleto,Concluída
529,27,11,2025-01-15,Pix,Concluída
530,919,8,2025-02-17,Pix,Concluída
531,920,18,2025-08-14,Pix,Concluída
532,873,19,2025-04-11,Cartão,Concluída
533,433,12,2025-12-05,Pix,Concluída
534,637,9,2025-10-07,Pix,Concluída
535,351,17,2025-05-15,Boleto,Concluída
536,990,17,2025-04-04,Cartão,Concluída
537,577,17,2025-09-26,Boleto,Concluída
538,996,14,2025-09-01,Boleto,Concluída
539,609,3,2025-01-31,Transferência,Cancelada
540,430,13,2025-10-30,Cartão,Concluída
541,121,17,2025-06-09,Pix,Concluída
542,173,16,2025-05-30,Pix,Concluída
543,507,14,2025-08-04,Pix,Concluída
544,826,16,2025-05-05,Transferência,Concluída
545,385,20,2025-09-23,Transferência,Concluída
546,977,4,2025-10-22,Pix,Concluída
547,873,15,2025-10-21,Pix,Concluída
548,260,12,2025-12-16,Boleto,Concluída
549,572,18,2025-11-28,Transferência,Concluída
550,510,6,2025-07-15,Boleto,Concluída
551,408,20,2025-12-23,Cartão,Concluída
552,349,18,2025-07-01,Cartão,Concluída
553,712,8,2025-05-06,Transferência,Concluída
554,565,19,2025-04-09,Cartão,Concluída
555,720,8,2025-10-03,Cartão,Concluída
556,847,20,2025-04-27,Boleto,Cancelada
557,978,9,2025-10-19,Pix,Concluída
558,55,12,2025-10-28,Pix,Concluída
559,486,5,2025-06-25,Pix,Concluída
560,348,15,2025-02-18,Boleto,Concluída
561,383,4,2025-03-28,Pix,Concluída
562,582,19,2025-07-11,Cartão,Concluída
563,159,20,2025-07-11,Cartão,Concluída
564,605,17,2025-03-27,Transferência,Concluída
565,685,18,2025-02-03,Cartão,Concluída
566,725,19,2025-02-20,Pix,Concluída
567,414,14,2025-07-13,Transferência,Concluída
568,399,10,2025-09-12,Boleto,Devolvida
569,914,19,2025-10-20,Cartão,Concluída
570,183,17,2025-07-09,Pix,Concluída
571,585,20,2025-01-08,Transferência,Concluída
572,339,6,2025-07-19,Boleto,Concluída
573,844,14,2025-07-13,Cartão,Concluída
574,172,9,2025-12-15,Transferência,Concluída
575,37,16,2025-09-03,Pix,Concluída
576,449,5,2025-08-15,Pix,Concluída
577,643,7,2025-06-21,Transferência,Concluída
578,542,10,2025-10-13,Cartão,Concluída
579,123,8,2025-11-18,Pix,Concluída
580,290,20,2025-07-18,Cartão,Concluída
581,377,1,2025-08-10,Cartão,Concluída
582,233,13,2025-03-06,Boleto,Concluída
583,373,11,2025-06-16,Transferência,Concluída
584,803,20,2025-07-06,Transferência,Concluída
585,565,6,2025-12-04,Transferência,Concluída
586,577,5,2025-11-25,Cartão,Concluída
587,628,17,2025-11-18,Pix,Concluída
588,55,11,2025-02-16,Boleto,Concluída
589,487,11,2025-12-27,Boleto,Concluída
590,481,9,2025-12-20,Pix,Concluída
591,786,1,2025-10-28,Boleto,Concluída
592,114,7,2025-11-21,Boleto,Concluída
593,428,6,2025-07-06,Cartão,Concluída
594,640,1,2025-10-21,Boleto,Concluída
595,501,10,2025-05-17,Transferência,Concluída
596,24,5,2025-02-24,Pix,Concluída
597,14,11,2025-11-13,Cartão,Concluída
598,397,11,2025-11-17,Cartão,Concluída
599,194,4,2025-12-26,Pix,Devolvida
600,616,14,2025-09-17,Boleto,Concluída
601,64,3,2025-09-10,Pix,Concluída
602,492,12,2025-09-13,Transferência,Concluída
603,996,13,2025-08-26,Transferência,Concluída
604,892,5,2025-07-24,Pix,Concluída
605,979,18,2025-05-23,Cartão,Concluída
606,823,7,2025-08-02,Pix,Concluída
607,885,5,2025-07-09,Transferência,Concluída
608,968,11,2025-12-19,Boleto,Concluída
609,20,11,2025-09-19,Transferência,Concluída
610,198,9,2025-12-31,Boleto,Concluída
611,365,20,2025-09-05,Cartão,Concluída
612,907,7,2025-09-26,Boleto,Concluída
613,26,1,2025-11-30,Transferência,Concluída
614,458,13,2025-10-12,Transferência,Concluída
615,889,11,2025-10-10,Boleto,Concluída
616,857,2,2025-11-26,Boleto,Concluída
617,769,3,2025-09-10,Pix,Concluída
618,777,8,2025-03-20,Boleto,Concluída
619,604,2,2025-04-17,Transferência,Concluída
620,921,6,2025-07-23,Cartão,Concluída
621,668,17,2025-07-27,Cartão,Concluída
622,896,7,2025-04-13,Boleto,Devolvida
623,259,7,2025-09-19,Boleto,Concluída
624,970,13,2025-06-17,Transferência,Concluída
625,985,6,2025-02-19,Boleto,Concluída
626,789,2,2025-03-03,Cartão,Concluída
627,241,15,2025-10-24,Boleto,Concluída
628,477,14,2025-03-31,Pix,Concluída
629,208,9,2025-01-13,Boleto,Concluída
630,446,18,2025-12-26,Cartão,Concluída
631,841,16,2025-10-06,Boleto,Concluída
632,152,16,2025-12-12,Transferência,Concluída
633,941,5,2025-11-03,Cartão,Concluída
634,857,12,2025-10-08,Transferência,Concluída
635,855,7,2025-01-01,Pix,Concluída
636,697,3,2025-02-04,Transferência,Concluída
637,612,10,2025-06-25,Boleto,Concluída
638,360,1,2025-05-11,Transferência,Concluída
639,85,8,2025-11-20,Transferência,Concluída
640,515,6,2025-08-26,Transferência,Concluída
641,795,6,2025-07-12,Boleto,Concluída
642,759,20,2025-10-16,Transferência,Concluída
643,899,12,2025-09-01,Cartão,Concluída
644,383,18,2025-05-15,Pix,Concluída
645,401,1,2025-07-10,Pix,Concluída
646,902,5,2025-06-13,Transferência,Concluída
647,555,3,2025-03-16,Cartão,Concluída
648,954,12,2025-07-20,Cartão,Concluída
649,510,3,2025-08-10,Pix,Concluída
650,482,17,2025-09-07,Cartão,Concluída
651,929,8,2025-10-17,Boleto,Concluída
652,195,12,2025-12-31,Boleto,Concluída
653,809,11,2025-04-04,Transferência,Concluída
654,564,13,2025-01-02,Cartão,Concluída
655,397,11,2025-03-03,Cartão,Concluída
656,111,18,2025-10-02,Cartão,Concluída
657,581,2,2025-01-06,Boleto,Concluída
658,978,6,2025-02-16,Boleto,Concluída
659,870,13,2025-08-17,Cartão,Concluída
660,154,13,2025-11-11,Transferência,Cancelada
661,448,17,2025-06-25,Pix,Concluída
662,255,10,2025-04-29,Transferência,Concluída
663,731,1,2025-07-19,Boleto,Concluída
664,491,6,2025-03-28,Cartão,Concluída
665,725,6,2025-02-17,Pix,Concluída
666,69,8,2025-02-17,Pix,Concluída
667,378,6,2025-03-20,Cartão,Concluída
668,404,5,2025-03-27,Transferência,Concluída
669,728,4,2025-05-08,Pix,Concluída
670,819,16,2025-12-13,Transferência,Cancelada
671,615,12,2025-06-02,Transferência,Concluída
672,251,5,2025-01-09,Transferência,Concluída
673,303,12,2025-01-28,Transferência,Concluída
674,104,5,2025-12-31,Boleto,Concluída
675,460,13,2025-06-21,Transferência,Concluída
676,799,18,2025-10-17,Pix,Concluída
677,202,3,2025-11-12,Boleto,Concluída
678,880,2,2025-05-16,Transferência,Cancelada
679,689,16,2025-02-28,Transferência,Concluída
680,604,17,2025-12-16,Cartão,Concluída
681,415,2,2025-10-30,Boleto,Concluída
682,225,8,2025-08-26,Pix,Concluída
683,342,12,2025-03-02,Cartão,Concluída
684,85,1,2025-03-18,Transferência,Concluída
685,170,10,2025-06-19,Pix,Concluída
686,99,16,2025-11-07,Boleto,Concluída
687,830,15,2025-07-03,Boleto,Concluída
688,82,2,2025-10-28,Cartão,Concluída
689,789,11,2025-12-19,Cartão,Concluída
690,399,6,2025-09-12,Transferência,Concluída
691,978,9,2025-08-01,Transferência,Concluída
692,370,11,2025-11-11,Boleto,Concluída
693,207,7,2025-03-17,Boleto,Concluída
694,952,15,2025-11-08,Cartão,Concluída
695,235,2,2025-04-24,Cartão,Concluída
696,678,18,2025-05-28,Pix,Devolvida
697,663,8,2025-09-03,Pix,Concluída
698,209,6,2025-07-05,Boleto,Concluída
699,777,9,2025-04-02,Transferência,Concluída
700,194,18,2025-05-09,Pix,Cancelada
701,653,16,2025-10-28,Pix,Cancelada
702,43,2,2025-08-20,Pix,Concluída
703,806,11,2025-05-06,Transferência,Concluída
704,77,17,2025-07-06,Transferência,Concluída
705,271,11,2025-06-12,Cartão,Concluída
706,96,11,2025-05-18,Pix,Cancelada
707,110,9,2025-03-23,Cartão,Concluída
708,718,4,2025-11-19,Transferência,Concluída
709,536,9,2025-10-23,Cartão,Cancelada
710,724,14,2025-05-11,Transferência,Concluída
711,708,5,2025-10-23,Pix,Concluída
712,137,7,2025-05-22,Pix,Concluída
713,805,4,2025-07-08,Transferência,Concluída
714,475,6,2025-02-01,Transferência,Concluída
715,277,6,2025-09-03,Transferência,Concluída
716,535,9,2025-12-20,Boleto,Concluída
717,787,18,2025-08-03,Boleto,Concluída
718,739,14,2025-05-09,Boleto,Concluída
719,918,5,2025-04-29,Pix,Concluída
720,220,7,2025-07-09,Pix,Concluída
721,257,20,2025-10-02,Cartão,Cancelada
722,713,1,2025-09-08,Transferência,Concluída
723,757,4,2025-11-18,Pix,Concluída
724,461,8,2025-11-13,Pix,Concluída
725,780,10,2025-12-18,Cartão,Concluída
726,384,2,2025-09-30,Transferência,Concluída
727,112,14,2025-04-28,Cartão,Concluída
728,220,1,2025-04-11,Boleto,Concluída
729,897,8,2025-03-06,Pix,Concluída
730,152,20,2025-08-15,Transferência,Concluída
731,976,4,2025-08-13,Boleto,Concluída
732,321,13,2025-12-11,Boleto,Concluída
733,296,17,2025-11-15,Boleto,Concluída
734,154,13,2025-07-13,Pix,Concluída
735,842,6,2025-10-23,Pix,Concluída
736,259,17,2025-03-05,Pix,Concluída
737,275,8,2025-03-21,Pix,Concluída
738,249,14,2025-03-08,Transferência,Concluída
739,400,6,2025-07-01,Boleto,Cancelada
740,747,1,2025-12-09,Transferência,Concluída
741,743,5,2025-08-27,Pix,Concluída
742,602,11,2025-12-29,Transferência,Concluída
743,807,4,2025-10-06,Cartão,Concluída
744,417,2,2025-02-09,Transferência,Concluída
745,110,11,2025-08-01,Cartão,Concluída
746,138,2,2025-02-09,Pix,Concluída
747,237,13,2025-09-29,Boleto,Concluída
748,175,6,2025-04-21,Cartão,Concluída
749,79,3,2025-05-11,Boleto,Concluída
750,346,8,2025-09-10,Transferência,Concluída
751,838,1,2025-07-17,Transferência,Concluída
752,224,9,2025-06-24,Pix,Concluída
753,119,8,2025-06-05,Pix,Concluída
754,378,19,2025-10-25,Pix,Concluída
755,385,10,2025-10-10,Transferência,Concluída
756,594,13,2025-11-23,Cartão,Concluída
757,878,7,2025-03-31,Pix,Concluída
758,961,2,2025-07-28,Pix,Concluída
759,533,5,2025-12-03,Pix,Concluída
760,870,5,2025-07-27,Boleto,Concluída
761,322,19,2025-06-22,Pix,Cancelada
762,169,16,2025-04-25,Pix,Concluída
763,301,20,2025-02-07,Boleto,Cancelada
764,535,7,2025-10-26,Transferência,Concluída
765,614,10,2025-07-20,Pix,Concluída
766,579,20,2025-02-04,Boleto,Devolvida
767,208,15,2025-04-29,Cartão,Concluída
768,921,6,2025-12-14,Pix,Concluída
769,744,6,2025-10-24,Pix,Concluída
770,55,8,2025-08-20,Boleto,Concluída
771,927,15,2025-09-13,Cartão,Concluída
772,532,14,2025-03-29,Boleto,Concluída
773,587,15,2025-01-12,Transferência,Concluída
774,675,6,2025-04-03,Boleto,Concluída
775,415,19,2025-03-18,Pix,Cancelada
776,872,11,2025-01-18,Cartão,Concluída
777,366,6,2025-05-01,Transferência,Concluída
778,394,18,2025-03-18,Transferência,Concluída
779,31,12,2025-07-19,Boleto,Concluída
780,144,12,2025-11-10,Cartão,Concluída
781,228,7,2025-10-07,Pix,Concluída
782,399,6,2025-10-22,Transferência,Concluída
783,500,10,2025-05-14,Pix,Concluída
784,493,20,2025-09-05,Pix,Concluída
785,404,10,2025-02-15,Boleto,Concluída
786,273,5,2025-12-23,Pix,Concluída
787,575,2,2025-11-06,Cartão,Cancelada
788,885,19,2025-09-17,Transferência,Concluída
789,295,6,2025-09-15,Boleto,Concluída
790,71,7,2025-01-03,Boleto,Concluída
791,707,8,2025-08-05,Transferência,Concluída
792,178,18,2025-02-24,Cartão,Cancelada
793,61,13,2025-01-05,Cartão,Concluída
794,765,12,2025-10-15,Boleto,Concluída
795,661,16,2025-03-31,Transferência,Concluída
796,334,6,2025-03-30,Cartão,Concluída
797,592,18,2025-04-15,Boleto,Concluída
798,268,9,2025-10-23,Transferência,Devolvida
799,725,11,2025-03-12,Cartão,Concluída
800,905,2,2025-05-16,Transferência,Devolvida
801,310,8,2025-07-18,Pix,Concluída
802,204,16,2025-05-22,Cartão,Concluída
803,482,3,2025-04-18,Transferência,Concluída
804,155,5,2025-03-01,Cartão,Concluída
805,143,2,2025-02-28,Pix,Concluída
806,186,2,2025-03-03,Pix,Concluída
807,898,10,2025-09-24,Cartão,Concluída
808,335,5,2025-03-18,Boleto,Concluída
809,683,19,2025-11-02,Cartão,Concluída
810,27,5,2025-09-04,Transferência,Concluída
811,285,2,2025-03-27,Pix,Concluída
812,885,6,2025-12-17,Pix,Concluída
813,416,16,2025-10-16,Transferência,Devolvida
814,862,4,2025-03-12,Transferência,Concluída
815,501,6,2025-08-05,Pix,Concluída
816,235,11,2025-02-10,Boleto,Concluída
817,358,18,2025-09-28,Boleto,Concluída
818,911,13,2025-08-12,Pix,Concluída
819,319,11,2025-11-17,Pix,Concluída
820,683,15,2025-03-05,Pix,Concluída
821,965,18,2025-02-04,Boleto,Concluída
822,204,15,2025-10-30,Pix,Concluída
823,331,14,2025-04-04,Boleto,Concluída
824,862,6,2025-12-05,Pix,Concluída
825,749,18,2025-09-15,Boleto,Concluída
826,177,2,2025-01-14,Pix,Concluída
827,811,6,2025-11-04,Transferência,Concluída
828,507,18,2025-11-25,Cartão,Concluída
829,625,13,2025-07-16,Cartão,Concluída
830,956,12,2025-10-24,Cartão,Devolvida
831,155,17,2025-08-16,Pix,Concluída
832,732,14,2025-02-25,Cartão,Concluída
833,980,9,2025-06-04,Cartão,Concluída
834,774,16,2025-02-03,Cartão,Devolvida
835,278,14,2025-09-22,Cartão,Concluída
836,714,20,2025-10-09,Boleto,Concluída
837,952,13,2025-12-22,Boleto,Concluída
838,64,8,2025-11-02,Transferência,Concluída
839,336,12,2025-11-03,Transferência,Concluída
840,571,20,2025-08-11,Transferência,Concluída
841,316,11,2025-04-24,Pix,Concluída
842,343,20,2025-11-08,Cartão,Concluída
843,180,5,2025-05-31,Transferência,Concluída
844,873,17,2025-05-09,Transferência,Concluída
845,406,16,2025-12-31,Cartão,Concluída
846,14,9,2025-08-17,Transferência,Concluída
847,351,8,2025-08-09,Transferência,Concluída
848,440,9,2025-06-06,Boleto,Concluída
849,293,18,2025-11-11,Transferência,Devolvida
850,556,2,2025-02-04,Transferência,Concluída
851,236,11,2025-10-07,Cartão,Concluída
852,406,15,2025-08-31,Boleto,Concluída
853,16,11,2025-05-04,Pix,Concluída
854,796,5,2025-12-20,Pix,Concluída
855,747,20,2025-10-04,Transferência,Cancelada
856,662,18,2025-09-13,Transferência,Concluída
857,218,6,2025-03-16,Pix,Concluída
858,17,3,2025-12-21,Transferência,Concluída
859,940,8,2025-10-11,Boleto,Concluída
860,785,18,2025-11-25,Cartão,Concluída
861,938,6,2025-01-02,Boleto,Concluída
862,433,9,2025-02-17,Pix,Concluída
863,536,20,2025-01-08,Cartão,Concluída
864,677,16,2025-11-11,Boleto,Concluída
865,80,19,2025-08-21,Pix,Concluída
866,803,15,2025-07-04,Boleto,Concluída
867,688,5,2025-09-07,Transferência,Concluída
868,936,9,2025-07-07,Cartão,Concluída
869,854,2,2025-06-13,Cartão,Concluída
870,509,1,2025-12-30,Pix,Concluída
871,351,14,2025-05-21,Transferência,Concluída
872,626,11,2025-05-24,Pix,Concluída
873,464,8,2025-02-16,Transferência,Concluída
874,806,12,2025-10-15,Pix,Concluída
875,865,15,2025-02-25,Pix,Concluída
876,830,14,2025-10-31,Pix,Concluída
877,670,3,2025-09-16,Boleto,Concluída
878,640,17,2025-03-14,Cartão,Concluída
879,626,13,2025-04-24,Cartão,Concluída
880,810,12,2025-08-13,Cartão,Concluída
881,225,9,2025-06-03,Cartão,Concluída
882,361,3,2025-07-06,Cartão,Concluída
883,44,16,2025-11-19,Boleto,Concluída
884,86,4,2025-08-25,Transferência,Devolvida
885,722,15,2025-12-16,Pix,Concluída
886,275,3,2025-12-16,Pix,Concluída
887,804,19,2025-07-02,Pix,Concluída
888,929,12,2025-12-02,Boleto,Concluída
889,605,12,2025-11-26,Cartão,Concluída
890,694,20,2025-04-21,Pix,Concluída
891,519,20,2025-12-24,Boleto,Devolvida
892,979,8,2025-12-01,Cartão,Concluída
893,561,2,2025-02-07,Transferência,Concluída
894,403,16,2025-08-23,Cartão,Concluída
895,189,10,2025-02-24,Boleto,Concluída
896,339,4,2025-02-05,Pix,Concluída
897,918,11,2025-08-22,Transferência,Concluída
898,688,6,2025-01-05,Cartão,Concluída
899,7,6,2025-04-07,Cartão,Concluída
900,538,4,2025-09-25,Transferência,Concluída
901,792,4,2025-09-15,Cartão,Concluída
902,717,20,2025-04-21,Transferência,Concluída
903,219,20,2025-05-31,Cartão,Concluída
904,217,5,2025-09-26,Pix,Cancelada
905,718,1,2025-12-11,Pix,Concluída
906,735,15,2025-09-12,Cartão,Concluída
907,796,5,2025-09-15,Transferência,Concluída
908,471,12,2025-07-23,Pix,Concluída
909,270,8,2025-10-05,Pix,Concluída
910,913,2,2025-07-16,Transferência,Concluída
911,308,2,2025-08-14,Transferência,Concluída
912,386,6,2025-08-21,Cartão,Concluída
913,805,14,2025-12-07,Boleto,Concluída
914,390,9,2025-04-23,Boleto,Concluída
915,374,18,2025-05-01,Cartão,Concluída
916,737,9,2025-07-09,Transferência,Concluída
917,609,17,2025-07-15,Transferência,Concluída
918,9,19,2025-06-20,Boleto,Concluída
919,735,19,2025-03-02,Cartão,Concluída
920,830,2,2025-08-20,Transferência,Concluída
921,749,4,2025-09-11,Boleto,Concluída
922,288,11,2025-03-22,Boleto,Concluída
923,659,6,2025-11-28,Pix,Concluída
924,366,5,2025-08-13,Pix,Concluída
925,47,2,2025-01-13,Transferência,Concluída
926,309,8,2025-10-21,Pix,Concluída
927,638,12,2025-06-29,Cartão,Concluída
928,454,8,2025-12-25,Cartão,Concluída
929,471,2,2025-09-19,Transferência,Concluída
930,505,14,2025-12-29,Boleto,Devolvida
931,300,9,2025-03-20,Cartão,Concluída
932,922,13,2025-05-05,Transferência,Concluída
933,7,16,2025-12-09,Cartão,Concluída
934,322,9,2025-09-01,Boleto,Concluída
935,941,11,2025-06-18,Boleto,Concluída
936,217,19,2025-06-14,Transferência,Concluída
937,888,16,2025-02-19,Pix,Concluída
938,474,18,2025-10-18,Transferência,Concluída
939,591,17,2025-10-01,Transferência,Concluída
940,361,1,2025-06-28,Transferência,Concluída
941,314,10,2025-10-06,Transferência,Concluída
942,417,8,2025-06-30,Cartão,Concluída
943,229,11,2025-04-16,Boleto,Concluída
944,289,14,2025-12-03,Cartão,Concluída
945,313,20,2025-03-04,Cartão,Concluída
946,741,16,2025-04-22,Boleto,Concluída
947,916,19,2025-08-17,Pix,Concluída
948,198,10,2025-11-19,Transferência,Concluída
949,66,5,2025-11-09,Pix,Concluída
950,209,15,2025-06-20,Boleto,Concluída
951,407,13,2025-04-24,Pix,Concluída
952,956,5,2025-01-18,Cartão,Concluída
953,821,13,2025-10-04,Pix,Concluída
954,213,11,2025-01-30,Cartão,Concluída
955,140,1,2025-03-10,Transferência,Concluída
956,490,20,2025-11-09,Boleto,Concluída
957,178,8,2025-10-25,Boleto,Concluída
958,981,6,2025-12-05,Boleto,Concluída
959,740,14,2025-05-13,Transferência,Concluída
960,329,9,2025-07-31,Cartão,Concluída
961,66,6,2025-03-21,Pix,Concluída
962,544,15,2025-09-20,Cartão,Concluída
963,645,8,2025-11-03,Boleto,Concluída
964,326,4,2025-09-10,Cartão,Concluída
965,168,1,2025-07-04,Cartão,Concluída
966,871,7,2025-04-10,Pix,Cancelada
967,700,13,2025-09-17,Boleto,Concluída
968,509,9,2025-11-16,Cartão,Concluída
969,158,1,2025-08-03,Transferência,Concluída
970,952,14,2025-04-22,Cartão,Concluída
971,685,18,2025-06-23,Cartão,Concluída
972,873,8,2025-12-27,Pix,Concluída
973,801,3,2025-07-10,Boleto,Cancelada
974,769,5,2025-12-11,Pix,Concluída
975,122,20,2025-08-11,Cartão,Cancelada
976,198,6,2025-01-09,Pix,Concluída
977,815,4,2025-05-25,Transferência,Cancelada
978,433,14,2025-01-11,Cartão,Cancelada
979,166,18,2025-06-22,Transferência,Concluída
980,921,8,2025-10-09,Pix,Concluída
981,447,8,2025-04-27,Cartão,Concluída
982,159,17,2025-03-22,Cartão,Concluída
983,846,19,2025-03-27,Pix,Concluída
984,594,18,2025-11-26,Boleto,Concluída
985,627,12,2025-10-22,Cartão,Concluída
986,908,5,2025-10-24,Pix,Concluída
987,262,18,2025-06-30,Boleto,Concluída
988,550,18,2025-02-24,Boleto,Concluída
989,567,20,2025-02-01,Cartão,Concluída
990,338,16,2025-06-06,Cartão,Concluída
991,413,4,2025-10-31,Boleto,Devolvida
992,449,18,2025-12-07,Transferência,Concluída
993,126,2,2025-04-29,Boleto,Concluída
994,839,12,2025-03-26,Pix,Concluída
995,242,7,2025-11-22,Boleto,Concluída
996,548,8,2025-06-10,Transferência,Concluída
997,224,4,2025-03-27,Pix,Concluída
998,970,3,2025-02-04,Transferência,Concluída
999,658,18,2025-05-07,Boleto,Concluída
1000,54,17,2025-11-23,Boleto,Concluída
1001,895,17,2025-06-01,Transferência,Concluída
1002,471,7,2025-05-14,Cartão,Concluída
1003,228,7,2025-03-05,Cartão,Concluída
1004,557,16,2025-04-11,Boleto,Concluída
1005,110,12,2025-08-06,Transferência,Concluída
1006,607,13,2025-10-29,Boleto,Concluída
1007,441,9,2025-06-24,Pix,Concluída
1008,492,8,2025-10-23,Cartão,Concluída
1009,527,17,2025-06-02,Transferência,Concluída
1010,919,3,2025-03-12,Cartão,Concluída
1011,536,4,2025-02-12,Cartão,Concluída
1012,117,3,2025-10-23,Transferência,Concluída
1013,644,11,2025-09-16,Pix,Concluída
1014,874,19,2025-08-31,Cartão,Concluída
1015,901,5,2025-06-03,Transferência,Concluída
1016,144,15,2025-02-10,Boleto,Concluída
1017,667,11,2025-07-17,Cartão,Concluída
1018,785,13,2025-07-29,Boleto,Concluída
1019,79,2,2025-02-23,Transferência,Concluída
1020,686,18,2025-10-07,Cartão,Concluída
1021,949,1,2025-10-22,Pix,Concluída
1022,852,11,2025-10-03,Transferência,Cancelada
1023,567,18,2025-03-03,Transferência,Concluída
1024,985,17,2025-04-24,Cartão,Cancelada
1025,13,20,2025-02-27,Cartão,Concluída
1026,365,15,2025-08-25,Pix,Concluída
1027,861,18,2025-11-26,Pix,Concluída
1028,508,10,2025-03-15,Boleto,Concluída
1029,547,20,2025-01-27,Cartão,Concluída
1030,957,5,2025-01-18,Boleto,Concluída
1031,598,1,2025-01-06,Transferência,Concluída
1032,96,4,2025-04-15,Transferência,Concluída
1033,828,3,2025-08-31,Transferência,Concluída
1034,664,13,2025-01-08,Boleto,Concluída
1035,844,15,2025-08-31,Transferência,Concluída
1036,368,19,2025-10-04,Pix,Concluída
1037,811,17,2025-12-12,Cartão,Concluída
1038,524,8,2025-08-13,Pix,Concluída
1039,448,9,2025-08-18,Cartão,Concluída
1040,152,1,2025-03-28,Cartão,Concluída
1041,900,7,2025-04-22,Pix,Concluída
1042,732,13,2025-08-21,Pix,Concluída
1043,852,19,2025-12-11,Transferência,Concluída
1044,122,4,2025-05-06,Pix,Concluída
1045,569,12,2025-12-22,Boleto,Concluída
1046,622,20,2025-05-09,Boleto,Concluída
1047,142,8,2025-09-20,Boleto,Concluída
1048,513,3,2025-09-12,Boleto,Concluída
1049,353,15,2025-01-09,Boleto,Concluída
1050,143,18,2025-12-26,Pix,Concluída
1051,88,5,2025-10-15,Cartão,Concluída
1052,446,11,2025-04-25,Boleto,Devolvida
1053,110,20,2025-02-15,Cartão,Concluída
1054,210,10,2025-09-09,Boleto,Concluída
1055,104,5,2025-08-23,Cartão,Concluída
1056,453,14,2025-10-07,Boleto,Concluída
1057,832,7,2025-06-07,Boleto,Concluída
1058,177,1,2025-07-24,Boleto,Concluída
1059,3,14,2025-04-30,Cartão,Concluída
1060,24,13,2025-07-27,Pix,Concluída
1061,822,6,2025-05-07,Pix,Concluída
1062,108,20,2025-08-17,Pix,Concluída
1063,305,16,2025-03-01,Pix,Concluída
1064,770,2,2025-09-17,Pix,Concluída
1065,141,15,2025-11-03,Pix,Devolvida
1066,855,5,2025-03-08,Transferência,Concluída
1067,818,10,2025-10-08,Boleto,Concluída
1068,167,4,2025-07-20,Pix,Concluída
1069,937,12,2025-12-23,Cartão,Cancelada
1070,917,10,2025-03-16,Pix,Concluída
1071,964,17,2025-05-13,Boleto,Concluída
1072,516,3,2025-04-23,Pix,Concluída
1073,387,16,2025-07-06,Transferência,Devolvida
1074,122,9,2025-09-13,Boleto,Concluída
1075,763,4,2025-03-12,Pix,Concluída
1076,473,6,2025-04-27,Transferência,Cancelada
1077,756,12,2025-05-24,Transferência,Concluída
1078,236,16,2025-12-07,Pix,Cancelada
1079,304,3,2025-06-04,Boleto,Concluída
1080,439,9,2025-03-11,Transferência,Concluída
1081,542,14,2025-09-16,Pix,Concluída
1082,27,17,2025-11-06,Cartão,Devolvida
1083,486,17,2025-11-01,Transferência,Concluída
1084,216,13,2025-03-08,Cartão,Concluída
1085,856,15,2025-07-09,Transferência,Concluída
1086,384,6,2025-02-23,Pix,Concluída
1087,814,18,2025-01-08,Boleto,Concluída
1088,462,15,2025-01-10,Pix,Concluída
1089,230,4,2025-08-14,Boleto,Concluída
1090,564,11,2025-02-25,Cartão,Concluída
1091,736,14,2025-08-20,Boleto,Concluída
1092,767,19,2025-07-11,Transferência,Concluída
1093,767,16,2025-07-06,Transferência,Cancelada
1094,945,4,2025-10-17,Pix,Concluída
1095,34,9,2025-05-13,Pix,Concluída
1096,346,10,2025-06-18,Pix,Concluída
1097,897,6,2025-05-31,Transferência,Concluída
1098,661,8,2025-03-04,Boleto,Concluída
1099,249,16,2025-07-25,Pix,Concluída
1100,101,19,2025-03-09,Transferência,Concluída
1101,928,5,2025-12-26,Transferência,Concluída
1102,163,18,2025-05-18,Cartão,Concluída
1103,103,19,2025-11-24,Boleto,Concluída
1104,620,5,2025-07-11,Boleto,Concluída
1105,718,18,2025-02-26,Cartão,Concluída
1106,650,13,2025-10-22,Cartão,Concluída
1107,556,10,2025-08-10,Pix,Concluída
1108,599,6,2025-07-05,Cartão,Concluída
1109,815,13,2025-03-28,Boleto,Cancelada
1110,12,1,2025-11-07,Transferência,Concluída
1111,292,2,2025-01-10,Cartão,Concluída
1112,542,5,2025-08-25,Pix,Concluída
1113,363,1,2025-01-08,Boleto,Concluída
1114,690,4,2025-04-16,Transferência,Concluída
1115,446,10,2025-03-12,Pix,Concluída
1116,433,7,2025-05-09,Boleto,Concluída
1117,103,17,2025-10-09,Pix,Concluída
1118,177,10,2025-12-24,Pix,Concluída
1119,225,9,2025-06-26,Boleto,Concluída
1120,792,18,2025-07-09,Cartão,Cancelada
1121,896,11,2025-11-17,Transferência,Concluída
1122,689,14,2025-01-26,Transferência,Concluída
1123,360,14,2025-05-12,Transferência,Concluída
1124,711,3,2025-09-23,Pix,Concluída
1125,591,4,2025-01-06,Boleto,Devolvida
1126,723,8,2025-08-16,Transferência,Concluída
1127,795,3,2025-11-11,Transferência,Concluída
1128,865,11,2025-11-23,Pix,Concluída
1129,417,13,2025-04-16,Pix,Concluída
1130,918,1,2025-08-31,Cartão,Concluída
1131,316,20,2025-05-15,Transferência,Concluída
1132,552,15,2025-04-08,Boleto,Concluída
1133,711,3,2025-08-27,Pix,Cancelada
1134,259,19,2025-12-03,Pix,Concluída
1135,901,2,2025-04-15,Pix,Concluída
1136,151,17,2025-09-17,Boleto,Concluída
1137,571,2,2025-09-29,Pix,Concluída
1138,689,9,2025-05-24,Cartão,Concluída
1139,678,5,2025-06-02,Boleto,Concluída
1140,255,1,2025-04-04,Boleto,Concluída
1141,717,18,2025-08-14,Boleto,Concluída
1142,279,17,2025-10-07,Pix,Concluída
1143,131,8,2025-08-08,Transferência,Concluída
1144,263,6,2025-11-06,Transferência,Concluída
1145,465,19,2025-10-26,Cartão,Concluída
1146,811,18,2025-05-07,Boleto,Concluída
1147,98,11,2025-04-13,Cartão,Concluída
1148,749,19,2025-02-06,Boleto,Concluída
1149,330,5,2025-11-22,Transferência,Concluída
1150,684,5,2025-06-01,Boleto,Concluída
1151,963,18,2025-01-18,Boleto,Concluída
1152,783,10,2025-01-04,Cartão,Concluída
1153,502,16,2025-04-11,Cartão,Concluída
1154,776,19,2025-12-06,Pix,Concluída
1155,306,6,2025-05-31,Boleto,Concluída
1156,330,3,2025-11-08,Transferência,Concluída
1157,985,6,2025-10-03,Boleto,Concluída
1158,38,20,2025-02-07,Boleto,Concluída
1159,485,1,2025-01-26,Pix,Concluída
1160,404,6,2025-01-21,Boleto,Concluída
1161,351,14,2025-03-09,Pix,Concluída
1162,500,2,2025-09-16,Transferência,Cancelada
1163,121,20,2025-12-25,Pix,Concluída
1164,191,4,2025-02-27,Transferência,Concluída
1165,163,5,2025-01-10,Cartão,Concluída
1166,400,3,2025-11-13,Boleto,Concluída
1167,418,6,2025-05-08,Transferência,Concluída
1168,394,3,2025-10-01,Pix,Concluída
1169,54,13,2025-05-02,Transferência,Concluída
1170,607,4,2025-03-26,Cartão,Concluída
1171,348,6,2025-12-19,Transferência,Concluída
1172,475,12,2025-09-10,Boleto,Concluída
1173,17,18,2025-03-03,Transferência,Concluída
1174,814,12,2025-03-18,Transferência,Concluída
1175,416,1,2025-03-09,Boleto,Concluída
1176,204,1,2025-02-04,Cartão,Concluída
1177,56,12,2025-09-27,Pix,Concluída
1178,750,12,2025-04-20,Boleto,Concluída
1179,220,14,2025-06-19,Pix,Concluída
1180,91,18,2025-05-16,Pix,Concluída
1181,443,16,2025-05-04,Cartão,Concluída
1182,297,9,2025-01-21,Cartão,Concluída
1183,941,8,2025-11-15,Cartão,Concluída
1184,97,9,2025-12-19,Pix,Concluída
1185,840,11,2025-02-13,Boleto,Concluída
1186,128,1,2025-01-02,Transferência,Concluída
1187,78,14,2025-09-17,Pix,Concluída
1188,312,5,2025-11-19,Pix,Concluída
1189,55,5,2025-09-11,Pix,Concluída
1190,825,17,2025-12-06,Transferência,Concluída
1191,602,19,2025-12-14,Boleto,Concluída
1192,764,8,2025-10-30,Transferência,Concluída
1193,721,18,2025-11-30,Pix,Concluída
1194,606,17,2025-12-27,Transferência,Concluída
1195,462,17,2025-11-26,Transferência,Concluída
1196,394,3,2025-04-13,Boleto,Concluída
1197,456,5,2025-04-14,Pix,Concluída
1198,86,13,2025-07-25,Pix,Concluída
1199,461,17,2025-07-28,Boleto,Concluída
1200,458,11,2025-09-24,Cartão,Concluída
1201,789,17,2025-10-29,Transferência,Concluída
1202,748,3,2025-08-20,Cartão,Concluída
1203,229,1,2025-11-08,Boleto,Devolvida
1204,789,14,2025-11-23,Transferência,Concluída
1205,387,16,2025-06-03,Pix,Concluída
1206,363,17,2025-11-04,Cartão,Devolvida
1207,546,14,2025-08-24,Boleto,Concluída
1208,756,9,2025-12-18,Cartão,Concluída
1209,284,4,2025-10-20,Cartão,Concluída
1210,562,13,2025-11-15,Boleto,Cancelada
1211,717,1,2025-07-16,Cartão,Concluída
1212,24,14,2025-03-20,Cartão,Concluída
1213,782,14,2025-06-11,Transferência,Concluída
1214,595,11,2025-12-27,Pix,Concluída
1215,572,19,2025-06-04,Transferência,Concluída
1216,882,5,2025-01-09,Transferência,Concluída
1217,809,18,2025-09-25,Transferência,Concluída
1218,848,16,2025-01-04,Transferência,Concluída
1219,324,2,2025-08-04,Boleto,Concluída
1220,901,7,2025-02-21,Boleto,Concluída
1221,757,8,2025-09-22,Boleto,Concluída
1222,771,5,2025-04-27,Boleto,Concluída
1223,333,13,2025-10-01,Pix,Concluída
1224,458,18,2025-01-28,Cartão,Concluída
1225,238,14,2025-08-07,Pix,Concluída
1226,492,7,2025-09-13,Cartão,Concluída
1227,165,20,2025-12-27,Cartão,Concluída
1228,385,12,2025-02-05,Boleto,Concluída
1229,399,6,2025-03-04,Boleto,Concluída
1230,855,10,2025-02-20,Boleto,Concluída
1231,606,5,2025-10-02,Boleto,Concluída
1232,589,19,2025-07-16,Cartão,Concluída
1233,127,20,2025-07-13,Transferência,Concluída
1234,226,9,2025-11-11,Pix,Concluída
1235,568,8,2025-08-04,Boleto,Concluída
1236,930,12,2025-08-11,Cartão,Concluída
1237,655,6,2025-09-06,Transferência,Concluída
1238,214,9,2025-05-28,Boleto,Concluída
1239,267,19,2025-08-23,Transferência,Concluída
1240,549,16,2025-05-05,Boleto,Concluída
1241,175,4,2025-01-08,Pix,Concluída
1242,74,12,2025-05-15,Cartão,Concluída
1243,190,17,2025-08-10,Boleto,Concluída
1244,296,4,2025-02-19,Cartão,Concluída
1245,78,9,2025-06-13,Cartão,Cancelada
1246,870,17,2025-03-14,Cartão,Concluída
1247,382,13,2025-03-13,Pix,Concluída
1248,213,9,2025-10-01,Cartão,Concluída
1249,120,7,2025-03-23,Boleto,Concluída
1250,6,6,2025-05-16,Transferência,Concluída
1251,653,12,2025-04-01,Transferência,Concluída
1252,834,11,2025-10-16,Boleto,Concluída
1253,596,12,2025-03-23,Transferência,Concluída
1254,785,19,2025-10-10,Cartão,Concluída
1255,161,15,2025-11-27,Transferência,Concluída
1256,768,14,2025-05-07,Pix,Concluída
1257,104,13,2025-09-21,Cartão,Concluída
1258,926,1,2025-10-12,Transferência,Concluída
1259,189,11,2025-11-25,Cartão,Concluída
1260,933,13,2025-05-30,Transferência,Concluída
1261,422,18,2025-04-25,Boleto,Concluída
1262,29,4,2025-07-25,Cartão,Devolvida
1263,559,9,2025-02-15,Pix,Cancelada
1264,76,9,2025-10-06,Pix,Concluída
1265,414,18,2025-01-17,Pix,Cancelada
1266,490,19,2025-12-10,Transferência,Concluída
1267,476,1,2025-03-24,Pix,Concluída
1268,994,14,2025-09-01,Boleto,Concluída
1269,294,6,2025-05-08,Cartão,Concluída
1270,244,3,2025-06-21,Boleto,Concluída
1271,69,14,2025-10-08,Boleto,Concluída
1272,725,15,2025-10-26,Boleto,Concluída
1273,517,10,2025-03-16,Transferência,Concluída
1274,670,12,2025-07-27,Pix,Concluída
1275,839,13,2025-09-18,Transferência,Concluída
1276,833,14,2025-07-29,Pix,Concluída
1277,676,6,2025-03-13,Cartão,Concluída
1278,464,20,2025-03-01,Boleto,Concluída
1279,31,11,2025-04-10,Transferência,Concluída
1280,959,12,2025-09-08,Pix,Concluída
1281,781,17,2025-02-18,Boleto,Concluída
1282,353,16,2025-10-14,Pix,Concluída
1283,246,13,2025-11-02,Pix,Concluída
1284,590,1,2025-08-03,Transferência,Concluída
1285,409,11,2025-03-15,Transferência,Concluída
1286,307,19,2025-10-10,Cartão,Concluída
1287,858,16,2025-04-03,Pix,Concluída
1288,111,11,2025-10-01,Boleto,Concluída
1289,814,11,2025-12-12,Boleto,Concluída
1290,620,14,2025-07-20,Pix,Concluída
1291,392,20,2025-04-18,Pix,Concluída
1292,429,4,2025-12-10,Pix,Concluída
1293,634,8,2025-09-08,Transferência,Concluída
1294,189,19,2025-11-28,Transferência,Concluída
1295,733,9,2025-12-25,Pix,Concluída
1296,939,18,2025-02-08,Boleto,Concluída
1297,998,16,2025-08-08,Transferência,Concluída
1298,664,11,2025-09-02,Pix,Concluída
1299,252,5,2025-03-19,Transferência,Concluída
1300,142,13,2025-11-22,Boleto,Concluída
1301,75,7,2025-03-15,Transferência,Concluída
1302,207,16,2025-07-31,Pix,Concluída
1303,439,13,2025-05-30,Transferência,Concluída
1304,689,13,2025-06-10,Transferência,Cancelada
1305,429,11,2025-07-16,Boleto,Concluída
1306,769,15,2025-08-02,Transferência,Concluída
1307,702,9,2025-03-12,Cartão,Concluída
1308,299,2,2025-08-23,Cartão,Concluída
1309,661,5,2025-12-22,Boleto,Concluída
1310,803,17,2025-08-07,Pix,Concluída
1311,28,2,2025-12-13,Boleto,Concluída
1312,620,13,2025-09-13,Pix,Cancelada
1313,614,5,2025-01-13,Boleto,Concluída
1314,912,1,2025-02-09,Boleto,Concluída
1315,63,10,2025-02-01,Cartão,Concluída
1316,78,7,2025-06-19,Pix,Concluída
1317,954,11,2025-07-15,Transferência,Concluída
1318,986,20,2025-01-20,Transferência,Concluída
1319,96,4,2025-07-07,Transferência,Concluída
1320,329,1,2025-06-20,Cartão,Concluída
1321,254,19,2025-12-02,Cartão,Concluída
1322,436,14,2025-10-08,Cartão,Concluída
1323,350,7,2025-03-22,Cartão,Concluída
1324,992,8,2025-01-03,Transferência,Concluída
1325,9,15,2025-04-25,Cartão,Concluída
1326,9,15,2025-02-12,Pix,Concluída
1327,199,10,2025-12-12,Transferência,Concluída
1328,634,14,2025-03-03,Transferência,Concluída
1329,791,13,2025-07-26,Transferência,Devolvida
1330,389,12,2025-04-11,Transferência,Devolvida
1331,601,4,2025-02-12,Pix,Concluída
1332,156,14,2025-01-05,Pix,Concluída
1333,941,7,2025-04-23,Boleto,Concluída
1334,160,1,2025-04-17,Transferência,Concluída
1335,271,19,2025-03-27,Transferência,Cancelada
1336,51,3,2025-06-05,Transferência,Concluída
1337,347,9,2025-04-17,Transferência,Concluída
1338,713,7,2025-05-01,Transferência,Concluída
1339,54,17,2025-11-01,Cartão,Concluída
1340,829,10,2025-09-30,Cartão,Concluída
1341,175,18,2025-11-26,Pix,Concluída
1342,263,15,2025-01-02,Cartão,Concluída
1343,562,7,2025-12-12,Cartão,Devolvida
1344,459,20,2025-09-15,Cartão,Concluída
1345,433,20,2025-04-30,Transferência,Concluída
1346,129,17,2025-10-05,Transferência,Concluída
1347,166,15,2025-07-25,Cartão,Concluída
1348,459,13,2025-02-13,Boleto,Concluída
1349,109,5,2025-06-15,Transferência,Concluída
1350,914,13,2025-06-18,Cartão,Concluída
1351,618,6,2025-05-15,Cartão,Concluída
1352,856,2,2025-09-10,Cartão,Concluída
1353,201,1,2025-03-11,Cartão,Concluída
1354,95,9,2025-06-06,Boleto,Concluída
1355,390,14,2025-10-09,Transferência,Concluída
1356,671,18,2025-08-08,Cartão,Concluída
1357,298,8,2025-03-23,Transferência,Devolvida
1358,411,15,2025-03-26,Pix,Cancelada
1359,777,20,2025-04-11,Pix,Concluída
1360,65,14,2025-03-12,Boleto,Concluída
1361,652,1,2025-06-03,Pix,Concluída
1362,272,8,2025-04-25,Transferência,Cancelada
1363,445,13,2025-04-04,Boleto,Concluída
1364,542,7,2025-10-11,Boleto,Concluída
1365,81,16,2025-12-07,Boleto,Concluída
1366,453,9,2025-07-17,Cartão,Concluída
1367,434,6,2025-08-06,Pix,Concluída
1368,637,2,2025-08-06,Cartão,Concluída
1369,241,20,2025-11-03,Pix,Concluída
1370,221,9,2025-04-28,Pix,Devolvida
1371,880,5,2025-10-11,Cartão,Concluída
1372,380,15,2025-07-13,Cartão,Concluída
1373,681,19,2025-09-05,Pix,Concluída
1374,118,15,2025-11-06,Transferência,Concluída
1375,501,8,2025-11-13,Cartão,Concluída
1376,806,11,2025-08-15,Transferência,Concluída
1377,261,9,2025-06-12,Pix,Concluída
1378,219,10,2025-11-23,Pix,Concluída
1379,9,20,2025-04-16,Transferência,Concluída
1380,893,11,2025-02-21,Cartão,Concluída
1381,790,18,2025-04-11,Pix,Concluída
1382,478,17,2025-10-31,Boleto,Concluída
1383,575,12,2025-01-15,Boleto,Concluída
1384,83,4,2025-10-27,Pix,Cancelada
1385,831,4,2025-12-19,Transferência,Cancelada
1386,391,15,2025-10-06,Pix,Concluída
1387,704,10,2025-12-08,Pix,Concluída
1388,798,4,2025-12-17,Cartão,Concluída
1389,616,13,2025-09-30,Transferência,Cancelada
1390,579,13,2025-10-31,Transferência,Concluída
1391,237,1,2025-01-15,Cartão,Concluída
1392,958,2,2025-07-16,Cartão,Concluída
1393,288,16,2025-03-05,Cartão,Concluída
1394,969,13,2025-11-30,Transferência,Concluída
1395,139,4,2025-09-09,Pix,Concluída
1396,10,14,2025-02-09,Cartão,Concluída
1397,183,14,2025-02-22,Boleto,Concluída
1398,79,14,2025-09-10,Cartão,Concluída
1399,248,3,2025-08-29,Boleto,Concluída
1400,796,11,2025-09-15,Boleto,Concluída
1401,109,15,2025-05-20,Cartão,Concluída
1402,721,6,2025-12-28,Transferência,Concluída
1403,367,9,2025-02-20,Boleto,Concluída
1404,755,11,2025-11-15,Transferência,Concluída
1405,652,7,2025-06-18,Pix,Concluída
1406,724,6,2025-06-06,Cartão,Concluída
1407,690,8,2025-04-05,Cartão,Cancelada
1408,828,12,2025-01-04,Boleto,Concluída
1409,198,20,2025-10-04,Pix,Concluída
1410,701,20,2025-01-29,Cartão,Concluída
1411,444,19,2025-12-06,Cartão,Concluída
1412,843,18,2025-04-09,Pix,Concluída
1413,484,12,2025-02-22,Transferência,Cancelada
1414,461,9,2025-04-15,Pix,Concluída
1415,337,2,2025-05-13,Pix,Concluída
1416,626,19,2025-05-13,Pix,Concluída
1417,818,17,2025-05-14,Transferência,Concluída
1418,443,11,2025-01-01,Boleto,Concluída
1419,394,16,2025-12-06,Boleto,Concluída
1420,725,19,2025-04-28,Boleto,Concluída
1421,128,10,2025-01-18,Boleto,Concluída
1422,503,14,2025-03-30,Transferência,Cancelada
1423,688,13,2025-04-11,Boleto,Concluída
1424,616,11,2025-02-13,Cartão,Concluída
1425,378,5,2025-12-29,Transferência,Concluída
1426,312,10,2025-04-19,Boleto,Concluída
1427,128,15,2025-06-04,Boleto,Concluída
1428,508,12,2025-11-10,Boleto,Concluída
1429,260,1,2025-05-03,Transferência,Concluída
1430,483,7,2025-11-30,Cartão,Devolvida
1431,48,19,2025-05-23,Pix,Cancelada
1432,206,5,2025-07-30,Pix,Concluída
1433,585,3,2025-02-05,Cartão,Concluída
1434,326,17,2025-04-21,Transferência,Cancelada
1435,288,15,2025-10-26,Transferência,Concluída
1436,239,8,2025-01-02,Cartão,Cancelada
1437,316,16,2025-06-07,Cartão,Concluída
1438,886,10,2025-03-07,Cartão,Concluída
1439,85,18,2025-12-16,Transferência,Concluída
1440,274,14,2025-06-12,Pix,Concluída
1441,723,3,2025-03-29,Transferência,Concluída
1442,781,19,2025-02-16,Pix,Concluída
1443,194,9,2025-03-07,Cartão,Concluída
1444,159,16,2025-04-09,Pix,Concluída
1445,341,12,2025-07-05,Pix,Concluída
1446,315,10,2025-01-06,Transferência,Concluída
1447,802,18,2025-04-05,Pix,Concluída
1448,940,4,2025-01-12,Pix,Concluída
1449,831,16,2025-07-02,Transferência,Concluída
1450,199,9,2025-09-12,Pix,Concluída
1451,819,12,2025-09-10,Cartão,Concluída
1452,303,11,2025-04-06,Pix,Concluída
1453,958,6,2025-05-15,Transferência,Concluída
1454,264,3,2025-11-21,Boleto,Concluída
1455,436,20,2025-11-16,Pix,Concluída
1456,91,4,2025-04-10,Transferência,Concluída
1457,682,15,2025-02-10,Pix,Cancelada
1458,817,11,2025-05-06,Cartão,Concluída
1459,840,19,2025-06-19,Cartão,Cancelada
1460,414,17,2025-07-31,Transferência,Concluída
1461,928,6,2025-10-02,Pix,Concluída
1462,225,16,2025-05-18,Boleto,Cancelada
1463,989,9,2025-02-14,Pix,Concluída
1464,275,20,2025-07-28,Boleto,Concluída
1465,909,4,2025-11-10,Transferência,Concluída
1466,159,6,2025-05-24,Cartão,Concluída
1467,995,2,2025-05-21,Cartão,Concluída
1468,814,17,2025-07-24,Transferência,Concluída
1469,902,1,2025-06-26,Cartão,Concluída
1470,813,10,2025-11-16,Pix,Concluída
1471,358,14,2025-08-16,Cartão,Cancelada
1472,622,12,2025-07-23,Boleto,Concluída
1473,714,19,2025-02-21,Pix,Concluída
1474,183,17,2025-12-11,Cartão,Devolvida
1475,785,14,2025-10-02,Transferência,Concluída
1476,145,1,2025-10-26,Pix,Concluída
1477,259,15,2025-08-21,Boleto,Concluída
1478,337,12,2025-08-28,Boleto,Concluída
1479,691,19,2025-06-26,Boleto,Concluída
1480,477,4,2025-05-09,Transferência,Concluída
1481,829,8,2025-05-29,Boleto,Concluída
1482,20,3,2025-08-24,Pix,Concluída
1483,393,15,2025-10-21,Boleto,Concluída
1484,362,7,2025-08-08,Cartão,Concluída
1485,798,3,2025-04-20,Boleto,Concluída
1486,195,2,2025-11-06,Boleto,Concluída
1487,322,16,2025-12-31,Transferência,Devolvida
1488,158,13,2025-01-13,Cartão,Concluída
1489,536,13,2025-08-08,Pix,Concluída
1490,816,6,2025-02-08,Cartão,Concluída
1491,886,10,2025-07-21,Boleto,Devolvida
1492,682,11,2025-02-13,Transferência,Concluída
1493,267,13,2025-12-10,Cartão,Concluída
1494,204,8,2025-06-15,Pix,Concluída
1495,934,13,2025-01-06,Pix,Concluída
1496,495,3,2025-11-22,Cartão,Concluída
1497,866,17,2025-07-22,Pix,Concluída
1498,440,15,2025-06-02,Pix,Concluída
1499,118,20,2025-08-19,Pix,Concluída
1500,588,4,2025-04-07,Cartão,Concluída
1501,586,1,2025-10-09,Transferência,Concluída
1502,197,20,2025-11-24,Pix,Concluída
1503,84,10,2025-01-25,Pix,Devolvida
1504,724,16,2025-10-17,Pix,Concluída
1505,197,2,2025-06-26,Transferência,Concluída
1506,956,13,2025-01-03,Pix,Concluída
1507,287,8,2025-06-08,Transferência,Concluída
1508,431,15,2025-06-20,Transferência,Cancelada
1509,120,18,2025-02-17,Transferência,Concluída
1510,53,15,2025-11-01,Boleto,Devolvida
1511,579,15,2025-03-19,Transferência,Concluída
1512,736,14,2025-02-04,Cartão,Concluída
1513,480,19,2025-04-05,Transferência,Cancelada
1514,245,12,2025-03-05,Transferência,Concluída
1515,198,8,2025-01-27,Cartão,Concluída
1516,449,18,2025-07-20,Cartão,Concluída
1517,593,17,2025-01-06,Cartão,Concluída
1518,820,1,2025-09-03,Transferência,Concluída
1519,945,7,2025-10-31,Cartão,Devolvida
1520,938,19,2025-07-20,Boleto,Concluída
1521,555,18,2025-09-17,Transferência,Concluída
1522,540,16,2025-06-09,Pix,Concluída
1523,370,10,2025-07-07,Pix,Concluída
1524,416,19,2025-08-18,Boleto,Concluída
1525,300,18,2025-04-07,Pix,Concluída
1526,78,9,2025-12-06,Boleto,Concluída
1527,563,12,2025-03-06,Cartão,Concluída
1528,518,6,2025-10-31,Boleto,Concluída
1529,811,10,2025-04-04,Transferência,Concluída
1530,710,3,2025-04-02,Transferência,Concluída
1531,474,17,2025-09-11,Transferência,Concluída
1532,586,2,2025-04-26,Pix,Concluída
1533,234,16,2025-08-01,Boleto,Concluída
1534,801,20,2025-04-29,Pix,Concluída
1535,187,13,2025-06-09,Boleto,Concluída
1536,162,19,2025-10-03,Cartão,Concluída
1537,809,6,2025-03-27,Cartão,Concluída
1538,443,10,2025-08-21,Pix,Concluída
1539,657,8,2025-03-05,Transferência,Concluída
1540,886,6,2025-12-19,Cartão,Concluída
1541,157,10,2025-09-01,Pix,Concluída
1542,366,11,2025-10-01,Pix,Concluída
1543,833,2,2025-09-06,Pix,Devolvida
1544,916,13,2025-08-10,Cartão,Concluída
1545,798,1,2025-08-23,Pix,Concluída
1546,80,10,2025-04-08,Cartão,Concluída
1547,526,17,2025-09-14,Pix,Concluída
1548,359,2,2025-12-05,Transferência,Concluída
1549,654,18,2025-02-27,Boleto,Concluída
1550,533,20,2025-10-27,Boleto,Concluída
1551,562,7,2025-07-30,Pix,Concluída
1552,87,14,2025-06-05,Transferência,Concluída
1553,311,8,2025-02-15,Pix,Concluída
1554,694,7,2025-02-20,Transferência,Concluída
1555,60,11,2025-06-01,Pix,Concluída
1556,688,2,2025-01-15,Pix,Concluída
1557,580,14,2025-06-10,Transferência,Concluída
1558,39,5,2025-04-25,Pix,Concluída
1559,846,9,2025-02-22,Cartão,Concluída
1560,335,5,2025-08-31,Boleto,Concluída
1561,376,2,2025-04-26,Pix,Concluída
1562,763,4,2025-02-22,Cartão,Concluída
1563,226,9,2025-02-10,Pix,Concluída
1564,351,3,2025-12-24,Cartão,Concluída
1565,515,12,2025-08-01,Boleto,Concluída
1566,838,17,2025-08-23,Cartão,Concluída
1567,363,13,2025-05-20,Transferência,Concluída
1568,466,9,2025-01-14,Cartão,Concluída
1569,415,10,2025-02-06,Transferência,Concluída
1570,360,8,2025-02-03,Pix,Concluída
1571,806,4,2025-03-26,Cartão,Concluída
1572,479,1,2025-11-29,Transferência,Concluída
1573,480,1,2025-02-06,Transferência,Concluída
1574,957,2,2025-08-16,Pix,Concluída
1575,778,14,2025-01-27,Boleto,Concluída
1576,582,4,2025-09-03,Pix,Devolvida
1577,600,19,2025-04-03,Transferência,Concluída
1578,782,14,2025-12-22,Boleto,Concluída
1579,268,3,2025-05-04,Cartão,Concluída
1580,960,2,2025-08-09,Boleto,Concluída
1581,403,19,2025-10-13,Cartão,Concluída
1582,895,8,2025-11-03,Cartão,Concluída
1583,854,2,2025-06-18,Cartão,Concluída
1584,198,18,2025-05-13,Pix,Concluída
1585,875,10,2025-12-07,Pix,Concluída
1586,142,5,2025-02-06,Cartão,Devolvida
1587,394,3,2025-11-23,Cartão,Concluída
1588,707,14,2025-11-08,Transferência,Concluída
1589,907,13,2025-08-21,Cartão,Concluída
1590,701,17,2025-05-23,Cartão,Devolvida
1591,329,18,2025-09-13,Pix,Concluída
1592,101,5,2025-01-09,Boleto,Concluída
1593,638,11,2025-06-26,Transferência,Concluída
1594,699,3,2025-02-07,Transferência,Concluída
1595,981,15,2025-08-09,Pix,Concluída
1596,44,12,2025-07-23,Pix,Concluída
1597,236,14,2025-06-30,Boleto,Devolvida
1598,406,11,2025-02-03,Boleto,Concluída
1599,728,5,2025-03-07,Cartão,Concluída
1600,40,5,2025-12-01,Cartão,Concluída
1601,899,9,2025-04-12,Boleto,Concluída
1602,426,13,2025-04-24,Transferência,Concluída
1603,271,19,2025-08-26,Pix,Concluída
1604,19,20,2025-07-28,Transferência,Concluída
1605,726,11,2025-07-10,Cartão,Concluída
1606,652,10,2025-05-01,Boleto,Concluída
1607,961,11,2025-12-13,Boleto,Concluída
1608,795,6,2025-06-16,Transferência,Concluída
1609,993,8,2025-01-11,Boleto,Concluída
1610,901,6,2025-01-24,Boleto,Concluída
1611,889,4,2025-02-14,Pix,Concluída
1612,201,9,2025-08-23,Pix,Concluída
1613,759,4,2025-05-07,Transferência,Cancelada
1614,575,20,2025-09-20,Pix,Concluída
1615,113,2,2025-08-20,Cartão,Concluída
1616,942,17,2025-04-18,Boleto,Concluída
1617,501,7,2025-01-30,Pix,Concluída
1618,290,1,2025-05-01,Transferência,Concluída
1619,339,4,2025-05-26,Transferência,Concluída
1620,300,14,2025-11-10,Pix,Concluída
1621,578,9,2025-08-29,Pix,Concluída
1622,805,1,2025-08-03,Pix,Concluída
1623,263,12,2025-07-09,Boleto,Concluída
1624,270,14,2025-01-19,Cartão,Concluída
1625,952,19,2025-01-09,Cartão,Concluída
1626,621,2,2025-08-10,Transferência,Concluída
1627,177,2,2025-01-29,Cartão,Concluída
1628,244,8,2025-10-29,Pix,Cancelada
1629,456,9,2025-04-04,Pix,Concluída
1630,163,17,2025-12-22,Pix,Cancelada
1631,924,10,2025-05-13,Transferência,Concluída
1632,974,9,2025-08-14,Boleto,Concluída
1633,714,20,2025-05-20,Boleto,Concluída
1634,916,13,2025-12-18,Pix,Cancelada
1635,207,3,2025-12-20,Transferência,Concluída
1636,277,3,2025-07-24,Pix,Concluída
1637,665,4,2025-01-29,Boleto,Concluída
1638,593,12,2025-08-15,Transferência,Concluída
1639,29,6,2025-01-07,Pix,Concluída
1640,34,3,2025-01-07,Cartão,Concluída
1641,695,20,2025-05-13,Cartão,Concluída
1642,798,7,2025-08-14,Pix,Concluída
1643,704,20,2025-08-18,Pix,Concluída
1644,280,19,2025-11-10,Pix,Concluída
1645,272,11,2025-01-14,Transferência,Concluída
1646,923,4,2025-02-16,Pix,Concluída
1647,712,7,2025-11-30,Pix,Concluída
1648,272,5,2025-06-27,Transferência,Concluída
1649,105,20,2025-03-14,Boleto,Concluída
1650,901,6,2025-02-11,Transferência,Concluída
1651,829,9,2025-06-26,Cartão,Concluída
1652,463,10,2025-02-05,Boleto,Concluída
1653,709,7,2025-08-01,Boleto,Concluída
1654,358,14,2025-03-02,Boleto,Concluída
1655,992,8,2025-02-22,Pix,Concluída
1656,984,6,2025-11-30,Transferência,Concluída
1657,306,15,2025-06-30,Cartão,Concluída
1658,557,1,2025-09-09,Cartão,Concluída
1659,170,18,2025-12-15,Cartão,Concluída
1660,400,19,2025-11-07,Boleto,Concluída
1661,158,2,2025-05-05,Cartão,Concluída
1662,18,7,2025-08-10,Transferência,Concluída
1663,740,8,2025-03-18,Transferência,Concluída
1664,979,12,2025-09-03,Boleto,Concluída
1665,482,7,2025-02-01,Transferência,Concluída
1666,727,6,2025-05-11,Cartão,Concluída
1667,107,14,2025-09-02,Pix,Concluída
1668,988,9,2025-09-21,Boleto,Concluída
1669,434,6,2025-05-03,Boleto,Concluída
1670,967,2,2025-04-26,Pix,Concluída
1671,148,18,2025-04-25,Boleto,Concluída
1672,652,15,2025-09-09,Transferência,Concluída
1673,636,12,2025-08-25,Boleto,Concluída
1674,577,3,2025-08-15,Boleto,Concluída
1675,661,17,2025-03-25,Pix,Devolvida
1676,809,5,2025-08-31,Transferência,Concluída
1677,447,8,2025-05-29,Pix,Concluída
1678,140,8,2025-03-20,Boleto,Concluída
1679,616,20,2025-08-10,Cartão,Concluída
1680,41,3,2025-05-29,Boleto,Concluída
1681,223,7,2025-06-14,Cartão,Concluída
1682,884,13,2025-09-08,Boleto,Concluída
1683,223,18,2025-10-16,Pix,Concluída
1684,79,9,2025-09-23,Transferência,Concluída
1685,387,7,2025-03-02,Pix,Concluída
1686,774,15,2025-01-16,Transferência,Concluída
1687,936,20,2025-07-23,Cartão,Concluída
1688,536,1,2025-01-14,Transferência,Concluída
1689,187,7,2025-06-02,Pix,Concluída
1690,146,17,2025-06-16,Cartão,Concluída
1691,942,10,2025-09-23,Cartão,Concluída
1692,422,9,2025-08-13,Boleto,Concluída
1693,173,19,2025-08-15,Transferência,Concluída
1694,526,4,2025-02-26,Boleto,Cancelada
1695,122,4,2025-06-07,Pix,Concluída
1696,341,11,2025-06-23,Boleto,Concluída
1697,899,9,2025-11-20,Boleto,Concluída
1698,659,5,2025-03-19,Cartão,Concluída
1699,668,15,2025-04-17,Cartão,Concluída
1700,194,14,2025-12-21,Pix,Concluída
1701,708,14,2025-03-30,Boleto,Concluída
1702,352,6,2025-09-14,Pix,Concluída
1703,278,10,2025-08-25,Boleto,Concluída
1704,621,16,2025-02-16,Pix,Concluída
1705,969,4,2025-03-06,Boleto,Concluída
1706,944,10,2025-03-30,Cartão,Concluída
1707,675,16,2025-10-21,Pix,Concluída
1708,484,4,2025-02-12,Cartão,Concluída
1709,535,20,2025-05-23,Pix,Concluída
1710,372,10,2025-03-30,Boleto,Cancelada
1711,574,18,2025-03-03,Cartão,Concluída
1712,600,2,2025-11-11,Transferência,Concluída
1713,137,4,2025-01-01,Cartão,Concluída
1714,231,6,2025-01-19,Pix,Concluída
1715,276,11,2025-07-22,Transferência,Concluída
1716,601,9,2025-09-13,Boleto,Concluída
1717,136,5,2025-02-01,Transferência,Concluída
1718,354,6,2025-07-10,Cartão,Concluída
1719,391,8,2025-06-21,Transferência,Concluída
1720,418,20,2025-04-17,Cartão,Concluída
1721,346,19,2025-04-17,Pix,Concluída
1722,320,5,2025-12-02,Boleto,Concluída
1723,239,7,2025-12-16,Cartão,Concluída
1724,675,13,2025-10-04,Transferência,Concluída
1725,446,10,2025-01-16,Cartão,Concluída
1726,210,9,2025-03-09,Cartão,Concluída
1727,799,3,2025-12-15,Pix,Concluída
1728,413,15,2025-04-25,Transferência,Concluída
1729,173,5,2025-02-22,Boleto,Concluída
1730,679,12,2025-04-12,Transferência,Concluída
1731,757,3,2025-01-09,Cartão,Concluída
1732,292,17,2025-08-20,Cartão,Concluída
1733,774,15,2025-10-13,Cartão,Concluída
1734,725,12,2025-11-23,Pix,Concluída
1735,733,9,2025-08-03,Boleto,Concluída
1736,31,11,2025-07-19,Boleto,Concluída
1737,311,15,2025-08-15,Cartão,Concluída
1738,585,19,2025-12-11,Boleto,Concluída
1739,843,8,2025-09-16,Pix,Concluída
1740,430,20,2025-05-29,Transferência,Concluída
1741,489,13,2025-05-13,Boleto,Concluída
1742,565,14,2025-12-30,Pix,Concluída
1743,884,1,2025-03-27,Boleto,Concluída
1744,395,3,2025-11-03,Pix,Concluída
1745,758,19,2025-04-24,Transferência,Concluída
1746,719,4,2025-11-04,Pix,Concluída
1747,985,5,2025-01-22,Boleto,Concluída
1748,490,3,2025-08-30,Boleto,Concluída
1749,851,12,2025-02-07,Boleto,Concluída
1750,624,8,2025-04-11,Cartão,Concluída
1751,350,20,2025-08-09,Pix,Concluída
1752,415,18,2025-01-25,Boleto,Concluída
1753,51,7,2025-08-05,Pix,Concluída
1754,566,8,2025-05-20,Boleto,Concluída
1755,968,15,2025-05-15,Transferência,Concluída
1756,953,15,2025-08-09,Boleto,Concluída
1757,200,2,2025-02-19,Boleto,Concluída
1758,981,13,2025-02-13,Transferência,Concluída
1759,406,12,2025-07-13,Transferência,Concluída
1760,761,13,2025-01-18,Boleto,Concluída
1761,424,1,2025-06-18,Cartão,Concluída
1762,939,9,2025-04-26,Pix,Cancelada
1763,897,16,2025-10-30,Cartão,Devolvida
1764,984,2,2025-12-15,Transferência,Concluída
1765,825,14,2025-04-22,Boleto,Concluída
1766,148,7,2025-09-10,Cartão,Concluída
1767,256,9,2025-06-22,Cartão,Concluída
1768,57,16,2025-06-10,Pix,Concluída
1769,140,13,2025-03-07,Pix,Concluída
1770,889,20,2025-07-15,Boleto,Concluída
1771,169,20,2025-08-10,Transferência,Concluída
1772,811,10,2025-04-26,Boleto,Concluída
1773,158,16,2025-11-07,Cartão,Concluída
1774,901,15,2025-01-08,Transferência,Concluída
1775,318,15,2025-08-30,Transferência,Cancelada
1776,166,18,2025-03-21,Cartão,Concluída
1777,369,19,2025-08-09,Cartão,Concluída
1778,34,9,2025-10-06,Cartão,Concluída
1779,211,11,2025-09-24,Boleto,Cancelada
1780,573,8,2025-07-12,Pix,Concluída
1781,948,12,2025-10-10,Boleto,Concluída
1782,375,19,2025-04-18,Transferência,Concluída
1783,610,3,2025-10-27,Cartão,Concluída
1784,625,4,2025-06-21,Pix,Concluída
1785,538,13,2025-02-19,Boleto,Concluída
1786,463,6,2025-01-19,Transferência,Concluída
1787,443,10,2025-04-25,Cartão,Concluída
1788,163,9,2025-07-05,Transferência,Concluída
1789,633,7,2025-03-22,Transferência,Devolvida
1790,521,11,2025-07-28,Transferência,Concluída
1791,965,12,2025-09-14,Transferência,Concluída
1792,818,9,2025-06-21,Transferência,Concluída
1793,735,5,2025-05-10,Boleto,Concluída
1794,626,13,2025-06-11,Boleto,Concluída
1795,204,18,2025-07-10,Cartão,Concluída
1796,714,9,2025-01-15,Cartão,Concluída
1797,418,12,2025-09-22,Transferência,Concluída
1798,803,19,2025-11-14,Boleto,Concluída
1799,777,19,2025-05-26,Pix,Concluída
1800,495,18,2025-02-26,Boleto,Concluída
1801,903,15,2025-09-01,Transferência,Concluída
1802,330,15,2025-12-02,Boleto,Concluída
1803,541,16,2025-06-21,Transferência,Concluída
1804,555,4,2025-03-23,Cartão,Concluída
1805,260,12,2025-11-03,Boleto,Concluída
1806,422,17,2025-08-17,Boleto,Concluída
1807,525,7,2025-01-06,Boleto,Concluída
1808,568,17,2025-05-06,Transferência,Concluída
1809,911,2,2025-10-10,Boleto,Concluída
1810,921,5,2025-11-07,Transferência,Concluída
1811,814,2,2025-04-03,Transferência,Concluída
1812,944,11,2025-01-03,Boleto,Concluída
1813,931,2,2025-06-04,Pix,Concluída
1814,984,12,2025-06-02,Boleto,Concluída
1815,384,3,2025-10-02,Transferência,Concluída
1816,601,12,2025-02-20,Boleto,Concluída
1817,43,8,2025-01-28,Pix,Concluída
1818,755,1,2025-09-19,Cartão,Concluída
1819,715,7,2025-07-08,Pix,Concluída
1820,795,11,2025-06-03,Transferência,Concluída
1821,40,1,2025-09-10,Boleto,Concluída
1822,695,19,2025-06-24,Transferência,Concluída
1823,924,1,2025-03-28,Transferência,Devolvida
1824,290,12,2025-02-27,Cartão,Concluída
1825,345,12,2025-08-11,Pix,Concluída
1826,823,19,2025-02-16,Transferência,Concluída
1827,933,11,2025-12-15,Boleto,Concluída
1828,631,8,2025-02-05,Transferência,Concluída
1829,91,2,2025-07-08,Cartão,Concluída
1830,3,8,2025-10-06,Transferência,Concluída
1831,307,17,2025-12-25,Cartão,Concluída
1832,664,18,2025-04-10,Cartão,Devolvida
1833,398,17,2025-08-17,Pix,Concluída
1834,670,5,2025-04-11,Boleto,Concluída
1835,598,1,2025-10-12,Transferência,Concluída
1836,810,5,2025-05-05,Cartão,Concluída
1837,730,3,2025-04-15,Transferência,Concluída
1838,409,12,2025-08-24,Transferência,Concluída
1839,421,4,2025-05-11,Boleto,Concluída
1840,442,15,2025-05-09,Pix,Concluída
1841,242,8,2025-06-12,Boleto,Concluída
1842,935,6,2025-04-06,Transferência,Concluída
1843,518,20,2025-02-09,Transferência,Cancelada
1844,542,9,2025-06-28,Boleto,Concluída
1845,7,16,2025-09-03,Boleto,Cancelada
1846,770,5,2025-03-13,Transferência,Concluída
1847,360,13,2025-01-23,Cartão,Concluída
1848,465,11,2025-06-19,Cartão,Concluída
1849,940,14,2025-10-09,Pix,Concluída
1850,374,7,2025-10-22,Cartão,Concluída
1851,597,11,2025-02-11,Boleto,Concluída
1852,757,4,2025-10-21,Cartão,Concluída
1853,67,11,2025-12-30,Pix,Concluída
1854,324,16,2025-12-29,Boleto,Devolvida
1855,34,5,2025-02-19,Pix,Concluída
1856,643,19,2025-08-29,Transferência,Concluída
1857,914,19,2025-02-12,Transferência,Devolvida
1858,848,5,2025-06-21,Cartão,Concluída
1859,902,11,2025-08-06,Cartão,Concluída
1860,621,8,2025-08-12,Pix,Concluída
1861,508,2,2025-02-13,Transferência,Concluída
1862,753,20,2025-07-25,Transferência,Concluída
1863,985,20,2025-07-05,Pix,Concluída
1864,273,17,2025-08-02,Transferência,Concluída
1865,461,10,2025-09-13,Cartão,Concluída
1866,149,2,2025-02-11,Cartão,Concluída
1867,592,4,2025-03-18,Transferência,Concluída
1868,590,7,2025-04-18,Cartão,Concluída
1869,571,7,2025-01-21,Transferência,Concluída
1870,606,19,2025-04-11,Boleto,Concluída
1871,131,5,2025-10-24,Pix,Concluída
1872,710,16,2025-09-05,Pix,Devolvida
1873,922,15,2025-03-22,Boleto,Concluída
1874,333,1,2025-07-24,Boleto,Concluída
1875,499,19,2025-08-31,Cartão,Concluída
1876,657,4,2025-04-20,Cartão,Concluída
1877,470,12,2025-07-22,Pix,Concluída
1878,257,13,2025-11-15,Cartão,Concluída
1879,303,8,2025-05-22,Transferência,Concluída
1880,702,2,2025-12-05,Transferência,Concluída
1881,79,2,2025-08-15,Boleto,Concluída
1882,648,3,2025-04-01,Cartão,Concluída
1883,346,14,2025-05-10,Pix,Concluída
1884,628,4,2025-12-08,Transferência,Concluída
1885,292,1,2025-02-13,Boleto,Concluída
1886,53,20,2025-09-17,Boleto,Concluída
1887,254,13,2025-08-23,Boleto,Concluída
1888,368,13,2025-10-01,Cartão,Devolvida
1889,753,9,2025-07-22,Transferência,Concluída
1890,486,13,2025-01-16,Cartão,Concluída
1891,813,10,2025-12-19,Pix,Concluída
1892,824,20,2025-09-10,Boleto,Concluída
1893,727,8,2025-10-25,Boleto,Concluída
1894,994,6,2025-08-24,Transferência,Concluída
1895,608,6,2025-12-12,Cartão,Concluída
1896,741,18,2025-10-10,Boleto,Devolvida
1897,264,18,2025-05-24,Boleto,Cancelada
1898,360,10,2025-02-19,Transferência,Concluída
1899,317,11,2025-02-24,Cartão,Concluída
1900,887,16,2025-09-15,Pix,Concluída
1901,65,17,2025-11-15,Cartão,Concluída
1902,768,11,2025-10-25,Cartão,Concluída
1903,443,11,2025-10-25,Pix,Concluída
1904,722,14,2025-06-02,Boleto,Concluída
1905,513,5,2025-06-05,Boleto,Concluída
1906,269,14,2025-02-02,Transferência,Concluída
1907,315,10,2025-03-08,Pix,Concluída
1908,311,5,2025-01-25,Transferência,Cancelada
1909,710,15,2025-03-08,Pix,Concluída
1910,79,5,2025-04-20,Pix,Concluída
1911,849,8,2025-05-24,Pix,Concluída
1912,929,19,2025-02-24,Boleto,Devolvida
1913,598,6,2025-08-18,Boleto,Concluída
1914,364,7,2025-08-23,Boleto,Concluída
1915,274,10,2025-01-19,Transferência,Concluída
1916,284,1,2025-11-13,Transferência,Concluída
1917,455,12,2025-12-09,Pix,Concluída
1918,983,14,2025-03-06,Boleto,Devolvida
1919,478,1,2025-04-29,Cartão,Concluída
1920,580,20,2025-09-05,Boleto,Concluída
1921,197,2,2025-02-17,Transferência,Concluída
1922,83,16,2025-01-30,Cartão,Concluída
1923,814,11,2025-04-18,Cartão,Concluída
1924,28,5,2025-01-15,Pix,Concluída
1925,969,8,2025-07-07,Boleto,Concluída
1926,783,20,2025-10-20,Boleto,Concluída
1927,543,5,2025-11-25,Boleto,Concluída
1928,837,10,2025-01-17,Cartão,Concluída
1929,755,11,2025-11-27,Pix,Concluída
1930,808,10,2025-03-09,Cartão,Concluída
1931,827,2,2025-01-25,Pix,Concluída
1932,908,18,2025-06-30,Boleto,Concluída
1933,774,14,2025-01-31,Cartão,Concluída
1934,685,4,2025-12-28,Boleto,Concluída
1935,768,19,2025-06-02,Boleto,Concluída
1936,345,10,2025-11-06,Boleto,Concluída
1937,615,7,2025-07-21,Cartão,Concluída
1938,517,3,2025-03-04,Boleto,Concluída
1939,545,20,2025-03-24,Transferência,Concluída
1940,187,7,2025-11-16,Boleto,Concluída
1941,429,19,2025-04-06,Boleto,Concluída
1942,452,6,2025-02-04,Cartão,Concluída
1943,370,12,2025-09-01,Pix,Concluída
1944,200,3,2025-10-12,Cartão,Concluída
1945,862,8,2025-08-28,Cartão,Concluída
1946,282,3,2025-06-09,Boleto,Concluída
1947,935,12,2025-11-07,Pix,Concluída
1948,659,11,2025-10-19,Pix,Concluída
1949,370,15,2025-11-14,Cartão,Concluída
1950,13,6,2025-05-24,Cartão,Concluída
1951,506,12,2025-09-22,Transferência,Concluída
1952,931,15,2025-04-01,Transferência,Concluída
1953,667,18,2025-05-19,Boleto,Devolvida
1954,499,13,2025-05-14,Cartão,Concluída
1955,689,14,2025-10-16,Boleto,Concluída
1956,222,15,2025-08-31,Pix,Concluída
1957,535,5,2025-05-13,Transferência,Concluída
1958,793,8,2025-12-09,Cartão,Cancelada
1959,590,12,2025-10-28,Boleto,Concluída
1960,804,1,2025-06-20,Cartão,Concluída
1961,445,18,2025-05-17,Transferência,Concluída
1962,53,9,2025-10-30,Transferência,Concluída
1963,929,12,2025-09-02,Transferência,Concluída
1964,315,3,2025-05-21,Transferência,Concluída
1965,25,1,2025-08-25,Pix,Concluída
1966,800,12,2025-08-03,Transferência,Concluída
1967,666,13,2025-07-19,Boleto,Concluída
1968,943,15,2025-07-24,Transferência,Concluída
1969,949,6,2025-02-06,Boleto,Concluída
1970,514,16,2025-03-15,Boleto,Concluída
1971,803,8,2025-11-27,Transferência,Concluída
1972,254,2,2025-04-10,Cartão,Concluída
1973,107,11,2025-02-08,Cartão,Concluída
1974,993,13,2025-08-06,Transferência,Concluída
1975,670,18,2025-03-14,Transferência,Concluída
1976,114,14,2025-03-08,Transferência,Concluída
1977,135,16,2025-02-09,Pix,Concluída
1978,847,10,2025-05-19,Cartão,Concluída
1979,362,2,2025-09-25,Boleto,Concluída
1980,55,16,2025-06-10,Boleto,Concluída
1981,906,10,2025-09-28,Cartão,Concluída
1982,656,19,2025-11-08,Pix,Concluída
1983,480,16,2025-02-19,Cartão,Concluída
1984,502,14,2025-07-01,Boleto,Concluída
1985,109,11,2025-12-16,Cartão,Concluída
1986,759,18,2025-11-10,Boleto,Concluída
1987,323,15,2025-12-08,Boleto,Concluída
1988,401,11,2025-11-03,Pix,Concluída
1989,258,7,2025-07-20,Boleto,Concluída
1990,154,6,2025-08-15,Cartão,Concluída
1991,224,7,2025-10-04,Boleto,Cancelada
1992,351,17,2025-08-06,Transferência,Concluída
1993,226,6,2025-12-31,Transferência,Concluída
1994,507,7,2025-06-10,Pix,Cancelada
1995,323,5,2025-04-04,Transferência,Concluída
1996,492,19,2025-11-21,Cartão,Concluída
1997,810,16,2025-03-21,Cartão,Concluída
1998,319,7,2025-11-07,Cartão,Concluída
1999,704,20,2025-01-13,Transferência,Concluída
2000,928,1,2025-09-29,Boleto,Concluída
2001,312,14,2025-10-04,Cartão,Concluída
2002,614,13,2025-02-14,Pix,Concluída
2003,697,20,2025-07-04,Transferência,Concluída
2004,824,5,2025-11-27,Transferência,Concluída
2005,157,8,2025-10-24,Boleto,Concluída
2006,5,19,2025-10-11,Pix,Concluída
2007,116,6,2025-11-15,Pix,Concluída
2008,108,19,2025-11-24,Pix,Cancelada
2009,321,10,2025-09-10,Transferência,Concluída
2010,745,7,2025-05-25,Pix,Concluída
2011,892,7,2025-04-02,Pix,Concluída
2012,978,7,2025-03-27,Transferência,Concluída
2013,116,14,2025-08-28,Transferência,Cancelada
2014,773,6,2025-08-10,Cartão,Concluída
2015,86,16,2025-12-18,Cartão,Concluída
2016,623,17,2025-05-24,Pix,Devolvida
2017,328,1,2025-09-28,Boleto,Concluída
2018,447,15,2025-11-09,Pix,Concluída
2019,403,9,2025-12-04,Pix,Concluída
2020,454,8,2025-03-12,Cartão,Concluída
2021,373,1,2025-04-02,Pix,Concluída
2022,581,14,2025-09-19,Transferência,Concluída
2023,677,20,2025-01-13,Boleto,Concluída
2024,599,11,2025-03-08,Transferência,Concluída
2025,97,15,2025-08-05,Boleto,Concluída
2026,818,2,2025-03-08,Cartão,Concluída
2027,569,16,2025-05-01,Transferência,Concluída
2028,718,16,2025-12-17,Pix,Concluída
2029,434,7,2025-11-07,Boleto,Concluída
2030,678,15,2025-07-27,Cartão,Concluída
2031,120,9,2025-12-20,Pix,Concluída
2032,570,14,2025-04-04,Cartão,Concluída
2033,957,5,2025-02-13,Pix,Concluída
2034,308,13,2025-05-02,Pix,Concluída
2035,296,6,2025-10-28,Transferência,Concluída
2036,832,4,2025-07-04,Pix,Concluída
2037,967,3,2025-09-28,Boleto,Concluída
2038,926,8,2025-09-02,Transferência,Concluída
2039,431,19,2025-07-19,Pix,Concluída
2040,38,13,2025-06-23,Transferência,Concluída
2041,10,4,2025-02-25,Boleto,Concluída
2042,932,9,2025-01-27,Transferência,Concluída
2043,177,2,2025-10-11,Pix,Concluída
2044,34,2,2025-11-28,Boleto,Concluída
2045,658,16,2025-04-25,Cartão,Concluída
2046,864,11,2025-11-03,Boleto,Concluída
2047,676,20,2025-11-25,Cartão,Concluída
2048,350,14,2025-01-14,Boleto,Concluída
2049,298,5,2025-07-19,Cartão,Concluída
2050,345,6,2025-05-22,Cartão,Concluída
2051,745,12,2025-03-21,Pix,Concluída
2052,866,2,2025-02-12,Transferência,Concluída
2053,806,20,2025-07-23,Boleto,Concluída
2054,758,11,2025-08-29,Cartão,Concluída
2055,252,7,2025-05-15,Pix,Concluída
2056,148,17,2025-04-02,Transferência,Concluída
2057,825,13,2025-01-25,Cartão,Concluída
2058,886,14,2025-01-28,Cartão,Concluída
2059,567,18,2025-01-25,Cartão,Cancelada
2060,1000,14,2025-09-13,Transferência,Concluída
2061,713,9,2025-04-14,Pix,Concluída
2062,588,11,2025-07-10,Cartão,Concluída
2063,669,3,2025-04-16,Pix,Concluída
2064,433,1,2025-07-17,Boleto,Concluída
2065,835,17,2025-09-02,Cartão,Concluída
2066,251,9,2025-12-05,Transferência,Concluída
2067,560,6,2025-10-02,Pix,Concluída
2068,786,11,2025-03-15,Pix,Concluída
2069,894,5,2025-09-27,Transferência,Concluída
2070,658,11,2025-01-23,Cartão,Cancelada
2071,633,5,2025-12-17,Pix,Cancelada
2072,347,3,2025-07-01,Pix,Concluída
2073,913,10,2025-01-23,Cartão,Concluída
2074,193,6,2025-03-09,Boleto,Concluída
2075,69,19,2025-03-07,Cartão,Concluída
2076,436,8,2025-01-30,Cartão,Concluída
2077,289,13,2025-10-28,Pix,Concluída
2078,621,3,2025-10-20,Transferência,Concluída
2079,431,5,2025-03-30,Pix,Concluída
2080,306,1,2025-12-30,Cartão,Concluída
2081,712,13,2025-04-16,Boleto,Cancelada
2082,771,5,2025-01-07,Pix,Concluída
2083,953,6,2025-09-15,Pix,Devolvida
2084,335,19,2025-09-21,Boleto,Concluída
2085,51,6,2025-12-08,Boleto,Concluída
2086,649,7,2025-12-08,Pix,Cancelada
2087,463,4,2025-10-26,Boleto,Concluída
2088,466,18,2025-02-01,Pix,Concluída
2089,513,12,2025-03-23,Cartão,Cancelada
2090,171,5,2025-12-27,Transferência,Cancelada
2091,578,1,2025-03-09,Boleto,Concluída
2092,796,2,2025-12-29,Pix,Concluída
2093,775,7,2025-07-16,Pix,Concluída
2094,949,7,2025-10-09,Pix,Concluída
2095,438,13,2025-09-02,Cartão,Concluída
2096,356,13,2025-12-04,Transferência,Concluída
2097,402,9,2025-11-02,Boleto,Concluída
2098,165,11,2025-04-19,Cartão,Concluída
2099,623,15,2025-01-07,Pix,Concluída
2100,462,7,2025-09-23,Boleto,Concluída
2101,34,18,2025-11-06,Pix,Concluída
2102,206,1,2025-06-29,Cartão,Concluída
2103,65,6,2025-06-10,Transferência,Concluída
2104,916,7,2025-06-08,Cartão,Concluída
2105,771,13,2025-05-05,Cartão,Concluída
2106,82,18,2025-06-16,Cartão,Concluída
2107,460,13,2025-08-20,Pix,Concluída
2108,215,14,2025-01-07,Transferência,Concluída
2109,971,9,2025-12-24,Pix,Concluída
2110,738,14,2025-12-02,Pix,Concluída
2111,106,4,2025-06-11,Transferência,Cancelada
2112,545,1,2025-11-08,Cartão,Concluída
2113,212,18,2025-10-23,Cartão,Concluída
2114,962,5,2025-07-26,Pix,Concluída
2115,682,17,2025-12-10,Cartão,Concluída
2116,424,17,2025-02-19,Cartão,Concluída
2117,288,3,2025-12-31,Cartão,Concluída
2118,594,9,2025-02-18,Boleto,Concluída
2119,53,8,2025-06-27,Cartão,Concluída
2120,196,11,2025-12-08,Pix,Concluída
2121,62,17,2025-08-02,Transferência,Concluída
2122,208,8,2025-01-09,Boleto,Concluída
2123,289,19,2025-02-11,Pix,Concluída
2124,995,5,2025-09-26,Boleto,Concluída
2125,650,1,2025-09-19,Transferência,Concluída
2126,766,2,2025-12-04,Cartão,Concluída
2127,988,1,2025-08-02,Transferência,Concluída
2128,856,1,2025-08-24,Pix,Concluída
2129,384,1,2025-03-28,Pix,Concluída
2130,512,3,2025-05-11,Boleto,Concluída
2131,185,17,2025-12-10,Pix,Concluída
2132,835,6,2025-08-02,Transferência,Concluída
2133,140,9,2025-11-04,Cartão,Concluída
2134,997,8,2025-09-04,Transferência,Concluída
2135,656,9,2025-02-19,Transferência,Concluída
2136,279,17,2025-09-11,Pix,Concluída
2137,296,9,2025-08-29,Cartão,Concluída
2138,214,16,2025-05-31,Boleto,Devolvida
2139,861,5,2025-10-01,Boleto,Concluída
2140,120,13,2025-01-10,Transferência,Concluída
2141,855,18,2025-02-04,Boleto,Concluída
2142,215,20,2025-07-03,Boleto,Concluída
2143,573,15,2025-05-02,Pix,Concluída
2144,856,10,2025-08-22,Boleto,Concluída
2145,491,15,2025-04-30,Transferência,Concluída
2146,257,1,2025-06-25,Cartão,Concluída
2147,877,6,2025-02-23,Transferência,Concluída
2148,880,11,2025-08-14,Transferência,Concluída
2149,576,20,2025-11-25,Boleto,Concluída
2150,694,18,2025-06-21,Cartão,Concluída
2151,262,9,2025-10-08,Pix,Concluída
2152,126,2,2025-08-05,Pix,Concluída
2153,590,20,2025-03-18,Pix,Concluída
2154,331,7,2025-10-28,Cartão,Cancelada
2155,651,4,2025-09-01,Cartão,Concluída
2156,387,2,2025-01-24,Pix,Concluída
2157,1,15,2025-02-26,Transferência,Concluída
2158,561,4,2025-09-07,Transferência,Cancelada
2159,317,14,2025-05-20,Cartão,Concluída
2160,711,4,2025-06-13,Boleto,Concluída
2161,264,1,2025-12-26,Transferência,Concluída
2162,394,15,2025-08-11,Boleto,Concluída
2163,343,8,2025-12-26,Transferência,Concluída
2164,246,17,2025-01-17,Transferência,Concluída
2165,382,5,2025-07-29,Boleto,Concluída
2166,682,12,2025-09-12,Boleto,Concluída
2167,95,5,2025-04-08,Transferência,Concluída
2168,36,13,2025-11-28,Boleto,Concluída
2169,603,11,2025-04-22,Cartão,Concluída
2170,92,13,2025-05-22,Transferência,Concluída
2171,442,11,2025-05-08,Cartão,Concluída
2172,3,4,2025-05-19,Pix,Concluída
2173,616,9,2025-05-07,Boleto,Concluída
2174,521,2,2025-10-07,Boleto,Concluída
2175,349,2,2025-10-11,Pix,Cancelada
2176,350,17,2025-12-03,Pix,Concluída
2177,912,5,2025-11-22,Cartão,Concluída
2178,407,6,2025-01-27,Boleto,Concluída
2179,992,12,2025-09-11,Pix,Concluída
2180,148,19,2025-06-15,Cartão,Concluída
2181,566,16,2025-07-17,Pix,Concluída
2182,407,4,2025-09-16,Pix,Cancelada
2183,486,17,2025-09-29,Pix,Concluída
2184,349,8,2025-05-11,Cartão,Concluída
2185,372,1,2025-03-10,Transferência,Cancelada
2186,990,15,2025-10-21,Pix,Concluída
2187,257,8,2025-08-28,Cartão,Concluída
2188,271,5,2025-07-04,Transferência,Devolvida
2189,36,8,2025-12-31,Cartão,Concluída
2190,902,13,2025-10-23,Cartão,Concluída
2191,813,3,2025-09-24,Transferência,Devolvida
2192,653,11,2025-10-27,Pix,Concluída
2193,976,11,2025-11-19,Pix,Concluída
2194,661,4,2025-01-12,Pix,Concluída
2195,260,19,2025-01-22,Transferência,Concluída
2196,657,10,2025-12-21,Transferência,Concluída
2197,886,9,2025-04-16,Cartão,Devolvida
2198,343,18,2025-09-04,Pix,Concluída
2199,482,16,2025-02-08,Cartão,Concluída
2200,175,10,2025-04-28,Transferência,Concluída
2201,911,13,2025-09-08,Boleto,Concluída
2202,181,17,2025-12-19,Boleto,Concluída
2203,243,4,2025-10-21,Cartão,Concluída
2204,404,7,2025-07-19,Pix,Concluída
2205,523,15,2025-12-31,Pix,Concluída
2206,488,8,2025-11-06,Boleto,Concluída
2207,63,11,2025-07-04,Pix,Concluída
2208,254,7,2025-12-23,Cartão,Concluída
2209,777,18,2025-10-02,Pix,Concluída
2210,816,14,2025-02-13,Transferência,Concluída
2211,891,14,2025-04-10,Cartão,Concluída
2212,875,15,2025-09-27,Transferência,Concluída
2213,665,14,2025-06-03,Cartão,Concluída
2214,564,12,2025-12-17,Pix,Concluída
2215,603,7,2025-08-17,Transferência,Concluída
2216,916,5,2025-03-21,Transferência,Concluída
2217,655,16,2025-05-06,Boleto,Concluída
2218,328,1,2025-05-10,Cartão,Concluída
2219,959,11,2025-10-25,Pix,Concluída
2220,464,4,2025-05-06,Boleto,Concluída
2221,450,6,2025-02-10,Cartão,Concluída
2222,62,11,2025-10-29,Boleto,Concluída
2223,948,6,2025-05-29,Cartão,Concluída
2224,968,16,2025-06-10,Pix,Concluída
2225,254,2,2025-10-29,Transferência,Concluída
2226,584,16,2025-09-15,Boleto,Concluída
2227,373,2,2025-08-16,Cartão,Concluída
2228,81,12,2025-08-06,Pix,Concluída
2229,861,15,2025-03-26,Boleto,Concluída
2230,448,17,2025-04-22,Boleto,Concluída
2231,358,3,2025-04-08,Transferência,Concluída
2232,743,19,2025-03-29,Pix,Concluída
2233,849,17,2025-07-10,Cartão,Concluída
2234,882,14,2025-09-22,Transferência,Concluída
2235,335,10,2025-02-21,Boleto,Concluída
2236,155,7,2025-06-25,Boleto,Concluída
2237,479,10,2025-10-24,Pix,Concluída
2238,680,12,2025-01-24,Pix,Concluída
2239,699,2,2025-11-30,Boleto,Concluída
2240,939,4,2025-09-06,Cartão,Concluída
2241,803,20,2025-11-19,Transferência,Concluída
2242,324,4,2025-06-04,Transferência,Concluída
2243,968,15,2025-04-18,Transferência,Concluída
2244,983,18,2025-10-15,Cartão,Concluída
2245,185,18,2025-02-19,Pix,Concluída
2246,395,5,2025-07-09,Cartão,Concluída
2247,452,13,2025-10-31,Transferência,Concluída
2248,668,8,2025-02-15,Boleto,Devolvida
2249,785,4,2025-07-09,Transferência,Concluída
2250,818,4,2025-04-23,Transferência,Cancelada
2251,676,4,2025-06-09,Boleto,Concluída
2252,147,14,2025-03-20,Cartão,Concluída
2253,898,17,2025-03-30,Pix,Concluída
2254,250,5,2025-07-29,Transferência,Concluída
2255,155,19,2025-05-29,Cartão,Concluída
2256,507,6,2025-07-26,Boleto,Concluída
2257,612,1,2025-06-24,Boleto,Concluída
2258,194,7,2025-02-22,Boleto,Concluída
2259,554,1,2025-03-22,Transferência,Concluída
2260,363,9,2025-12-09,Transferência,Concluída
2261,145,14,2025-12-01,Cartão,Concluída
2262,985,4,2025-05-06,Pix,Concluída
2263,66,2,2025-10-16,Transferência,Concluída
2264,571,6,2025-02-28,Pix,Concluída
2265,866,13,2025-04-01,Pix,Concluída
2266,962,6,2025-03-20,Cartão,Concluída
2267,607,8,2025-10-09,Boleto,Concluída
2268,588,6,2025-05-19,Transferência,Cancelada
2269,941,11,2025-10-06,Transferência,Concluída
2270,813,8,2025-07-05,Pix,Concluída
2271,32,3,2025-11-13,Cartão,Concluída
2272,704,19,2025-04-17,Transferência,Concluída
2273,487,3,2025-12-20,Pix,Concluída
2274,428,8,2025-07-06,Boleto,Concluída
2275,113,8,2025-11-30,Cartão,Concluída
2276,23,6,2025-05-31,Cartão,Concluída
2277,88,16,2025-06-22,Cartão,Concluída
2278,324,17,2025-08-26,Pix,Concluída
2279,513,10,2025-07-06,Transferência,Concluída
2280,329,10,2025-06-12,Pix,Concluída
2281,546,8,2025-02-16,Pix,Concluída
2282,409,2,2025-12-30,Cartão,Concluída
2283,485,11,2025-05-30,Transferência,Concluída
2284,410,2,2025-04-25,Boleto,Concluída
2285,942,14,2025-07-20,Cartão,Concluída
2286,193,8,2025-02-20,Boleto,Concluída
2287,13,16,2025-10-06,Pix,Concluída
2288,655,10,2025-09-08,Transferência,Concluída
2289,490,2,2025-02-18,Transferência,Concluída
2290,571,19,2025-12-23,Boleto,Concluída
2291,742,12,2025-01-17,Boleto,Concluída
2292,651,4,2025-02-16,Boleto,Concluída
2293,92,4,2025-03-18,Pix,Concluída
2294,726,7,2025-09-23,Transferência,Concluída
2295,981,9,2025-02-17,Boleto,Concluída
2296,261,6,2025-02-21,Boleto,Concluída
2297,379,17,2025-08-22,Boleto,Concluída
2298,657,1,2025-10-22,Boleto,Concluída
2299,246,11,2025-02-23,Pix,Concluída
2300,46,6,2025-05-14,Boleto,Concluída
2301,783,19,2025-06-05,Pix,Concluída
2302,231,4,2025-08-06,Cartão,Cancelada
2303,640,8,2025-02-08,Boleto,Concluída
2304,813,7,2025-08-17,Boleto,Concluída
2305,566,4,2025-12-08,Pix,Concluída
2306,381,14,2025-05-31,Boleto,Concluída
2307,63,13,2025-04-20,Cartão,Devolvida
2308,107,19,2025-06-20,Cartão,Concluída
2309,862,7,2025-05-11,Pix,Concluída
2310,217,1,2025-08-01,Cartão,Concluída
2311,530,5,2025-01-24,Cartão,Concluída
2312,710,10,2025-03-07,Transferência,Concluída
2313,25,15,2025-03-23,Pix,Cancelada
2314,975,15,2025-12-23,Pix,Cancelada
2315,10,19,2025-03-31,Pix,Concluída
2316,585,3,2025-05-11,Transferência,Concluída
2317,639,15,2025-07-17,Cartão,Concluída
2318,138,11,2025-08-16,Pix,Concluída
2319,617,11,2025-02-10,Pix,Concluída
2320,571,4,2025-07-08,Boleto,Concluída
2321,854,4,2025-11-17,Cartão,Concluída
2322,385,4,2025-07-31,Boleto,Concluída
2323,69,3,2025-05-04,Cartão,Concluída
2324,880,9,2025-06-03,Boleto,Concluída
2325,348,18,2025-05-11,Cartão,Concluída
2326,152,12,2025-02-27,Pix,Concluída
2327,130,11,2025-10-23,Cartão,Concluída
2328,951,1,2025-09-29,Transferência,Concluída
2329,493,4,2025-05-20,Boleto,Concluída
2330,380,13,2025-11-19,Transferência,Concluída
2331,707,9,2025-04-05,Boleto,Concluída
2332,703,15,2025-03-24,Transferência,Concluída
2333,596,9,2025-03-22,Transferência,Cancelada
2334,58,16,2025-11-05,Pix,Concluída
2335,439,19,2025-06-20,Transferência,Concluída
2336,543,2,2025-09-03,Cartão,Concluída
2337,845,19,2025-01-10,Cartão,Concluída
2338,121,6,2025-10-21,Transferência,Concluída
2339,149,1,2025-04-07,Pix,Concluída
2340,213,16,2025-07-02,Boleto,Concluída
2341,646,11,2025-01-28,Cartão,Cancelada
2342,140,3,2025-08-21,Cartão,Concluída
2343,338,12,2025-04-12,Transferência,Concluída
2344,540,19,2025-05-18,Pix,Concluída
2345,393,20,2025-02-12,Boleto,Concluída
2346,170,20,2025-07-13,Transferência,Concluída
2347,80,1,2025-08-24,Pix,Concluída
2348,433,12,2025-08-13,Pix,Concluída
2349,332,17,2025-06-04,Transferência,Concluída
2350,822,16,2025-04-30,Cartão,Concluída
2351,854,20,2025-09-04,Pix,Concluída
2352,297,19,2025-03-29,Cartão,Concluída
2353,744,9,2025-01-08,Transferência,Concluída
2354,608,14,2025-07-26,Cartão,Concluída
2355,874,1,2025-01-17,Boleto,Concluída
2356,725,4,2025-10-20,Transferência,Concluída
2357,196,9,2025-09-11,Transferência,Concluída
2358,679,17,2025-08-01,Pix,Cancelada
2359,688,11,2025-07-01,Pix,Concluída
2360,506,1,2025-09-29,Pix,Concluída
2361,971,15,2025-01-23,Cartão,Concluída
2362,440,18,2025-02-09,Cartão,Concluída
2363,30,16,2025-08-10,Pix,Concluída
2364,944,16,2025-09-04,Transferência,Concluída
2365,975,6,2025-07-06,Transferência,Concluída
2366,792,13,2025-10-30,Pix,Cancelada
2367,133,2,2025-09-30,Transferência,Concluída
2368,153,12,2025-09-09,Pix,Concluída
2369,49,13,2025-05-04,Pix,Concluída
2370,921,13,2025-02-09,Transferência,Concluída
2371,136,12,2025-05-05,Transferência,Concluída
2372,968,1,2025-07-18,Boleto,Concluída
2373,840,7,2025-11-29,Transferência,Concluída
2374,121,2,2025-01-27,Pix,Concluída
2375,832,11,2025-11-29,Transferência,Concluída
2376,579,8,2025-08-29,Pix,Concluída
2377,25,6,2025-08-22,Boleto,Concluída
2378,494,7,2025-10-05,Pix,Concluída
2379,920,2,2025-03-01,Boleto,Concluída
2380,354,1,2025-07-05,Cartão,Concluída
2381,383,3,2025-06-19,Cartão,Concluída
2382,586,19,2025-05-16,Cartão,Concluída
2383,866,10,2025-11-12,Cartão,Concluída
2384,710,7,2025-02-13,Boleto,Concluída
2385,391,8,2025-12-01,Transferência,Concluída
2386,5,5,2025-06-16,Cartão,Concluída
2387,476,11,2025-09-02,Transferência,Cancelada
2388,624,19,2025-10-05,Boleto,Concluída
2389,901,14,2025-10-06,Transferência,Concluída
2390,875,17,2025-12-15,Pix,Concluída
2391,387,11,2025-09-15,Transferência,Concluída
2392,931,17,2025-08-22,Pix,Concluída
2393,397,2,2025-04-04,Cartão,Concluída
2394,745,14,2025-06-02,Boleto,Concluída
2395,898,17,2025-09-28,Pix,Concluída
2396,172,4,2025-09-02,Boleto,Concluída
2397,490,14,2025-08-11,Pix,Concluída
2398,438,11,2025-11-20,Boleto,Concluída
2399,475,6,2025-03-11,Transferência,Concluída
2400,243,20,2025-03-11,Transferência,Concluída
2401,442,3,2025-01-31,Boleto,Concluída
2402,375,1,2025-11-28,Pix,Concluída
2403,883,10,2025-07-19,Pix,Concluída
2404,907,17,2025-05-18,Cartão,Concluída
2405,58,16,2025-04-12,Pix,Concluída
2406,686,9,2025-01-01,Cartão,Concluída
2407,662,10,2025-12-10,Boleto,Concluída
2408,689,9,2025-02-10,Transferência,Concluída
2409,197,18,2025-10-03,Transferência,Cancelada
2410,809,17,2025-03-26,Cartão,Devolvida
2411,747,8,2025-01-11,Cartão,Concluída
2412,999,5,2025-10-31,Boleto,Concluída
2413,652,13,2025-05-21,Transferência,Concluída
2414,812,3,2025-01-12,Transferência,Concluída
2415,2,11,2025-11-26,Transferência,Concluída
2416,709,1,2025-09-21,Pix,Devolvida
2417,853,4,2025-03-21,Cartão,Concluída
2418,316,5,2025-02-18,Pix,Concluída
2419,877,1,2025-08-16,Boleto,Concluída
2420,223,6,2025-08-16,Cartão,Concluída
2421,493,17,2025-11-15,Cartão,Cancelada
2422,888,19,2025-10-07,Cartão,Concluída
2423,873,18,2025-09-10,Boleto,Concluída
2424,393,3,2025-11-12,Pix,Concluída
2425,687,15,2025-01-29,Pix,Devolvida
2426,339,7,2025-09-11,Cartão,Concluída
2427,510,10,2025-12-12,Cartão,Concluída
2428,813,7,2025-10-03,Cartão,Concluída
2429,100,10,2025-11-30,Boleto,Concluída
2430,946,8,2025-12-07,Transferência,Concluída
2431,593,4,2025-05-21,Boleto,Concluída
2432,2,6,2025-07-20,Boleto,Concluída
2433,489,16,2025-06-04,Pix,Concluída
2434,720,6,2025-03-02,Transferência,Concluída
2435,974,11,2025-04-23,Cartão,Concluída
2436,169,18,2025-11-02,Transferência,Concluída
2437,471,2,2025-06-19,Pix,Concluída
2438,953,20,2025-07-18,Pix,Concluída
2439,357,20,2025-07-26,Transferência,Concluída
2440,222,13,2025-08-20,Pix,Concluída
2441,535,3,2025-05-22,Cartão,Concluída
2442,584,14,2025-11-24,Transferência,Concluída
2443,356,18,2025-02-03,Pix,Concluída
2444,437,2,2025-11-24,Pix,Concluída
2445,285,6,2025-01-02,Transferência,Concluída
2446,353,18,2025-03-20,Pix,Concluída
2447,86,12,2025-02-03,Transferência,Cancelada
2448,183,5,2025-12-18,Boleto,Concluída
2449,882,13,2025-04-29,Boleto,Concluída
2450,94,8,2025-09-25,Pix,Concluída
2451,416,20,2025-05-22,Pix,Devolvida
2452,482,12,2025-01-08,Cartão,Concluída
2453,565,1,2025-09-09,Cartão,Concluída
2454,914,10,2025-01-22,Cartão,Concluída
2455,847,5,2025-08-03,Cartão,Concluída
2456,21,3,2025-02-13,Cartão,Concluída
2457,850,10,2025-08-16,Boleto,Concluída
2458,958,19,2025-10-09,Pix,Cancelada
2459,705,12,2025-04-10,Transferência,Devolvida
2460,852,9,2025-12-13,Cartão,Concluída
2461,145,3,2025-07-15,Transferência,Concluída
2462,508,4,2025-01-30,Transferência,Concluída
2463,36,19,2025-07-16,Boleto,Concluída
2464,560,20,2025-10-26,Pix,Concluída
2465,342,18,2025-12-06,Boleto,Concluída
2466,218,18,2025-04-25,Pix,Devolvida
2467,778,2,2025-02-03,Transferência,Concluída
2468,317,13,2025-01-04,Pix,Concluída
2469,316,6,2025-12-27,Cartão,Concluída
2470,567,19,2025-02-22,Boleto,Concluída
2471,186,11,2025-02-02,Transferência,Concluída
2472,669,18,2025-02-16,Boleto,Concluída
2473,887,8,2025-07-26,Transferência,Concluída
2474,360,8,2025-05-04,Boleto,Concluída
2475,334,3,2025-01-19,Boleto,Concluída
2476,57,19,2025-03-18,Pix,Concluída
2477,620,4,2025-10-29,Pix,Concluída
2478,387,16,2025-07-04,Pix,Concluída
2479,734,10,2025-07-18,Boleto,Cancelada
2480,98,13,2025-06-28,Pix,Concluída
2481,288,13,2025-02-18,Cartão,Concluída
2482,762,18,2025-11-24,Cartão,Concluída
2483,570,16,2025-02-11,Cartão,Concluída
2484,66,10,2025-07-06,Boleto,Concluída
2485,323,14,2025-05-11,Transferência,Concluída
2486,268,11,2025-01-30,Pix,Concluída
2487,14,6,2025-03-30,Cartão,Concluída
2488,930,19,2025-06-27,Pix,Concluída
2489,774,20,2025-07-27,Pix,Concluída
2490,677,12,2025-08-11,Cartão,Concluída
2491,419,16,2025-07-12,Transferência,Concluída
2492,148,17,2025-06-26,Boleto,Concluída
2493,331,11,2025-03-14,Cartão,Concluída
2494,875,17,2025-01-19,Boleto,Devolvida
2495,16,14,2025-09-08,Pix,Concluída
2496,36,20,2025-07-01,Boleto,Concluída
2497,566,10,2025-05-06,Boleto,Concluída
2498,224,6,2025-05-16,Transferência,Concluída
2499,335,14,2025-07-27,Boleto,Devolvida
2500,196,1,2025-08-18,Cartão,Concluída
2501,35,12,2025-11-18,Pix,Concluída
2502,270,7,2025-05-28,Cartão,Concluída
2503,175,1,2025-08-16,Boleto,Concluída
2504,199,3,2025-11-30,Transferência,Concluída
2505,107,13,2025-07-11,Pix,Concluída
2506,710,13,2025-01-18,Transferência,Concluída
2507,195,15,2025-03-10,Cartão,Devolvida
2508,203,18,2025-12-20,Pix,Concluída
2509,800,18,2025-02-22,Pix,Concluída
2510,53,8,2025-05-06,Boleto,Concluída
2511,14,5,2025-09-19,Boleto,Concluída
2512,664,18,2025-06-18,Cartão,Concluída
2513,807,15,2025-11-27,Pix,Concluída
2514,44,15,2025-03-27,Boleto,Concluída
2515,870,5,2025-10-15,Boleto,Concluída
2516,220,15,2025-10-06,Transferência,Concluída
2517,463,15,2025-07-28,Transferência,Concluída
2518,51,14,2025-07-04,Transferência,Devolvida
2519,381,14,2025-02-13,Boleto,Concluída
2520,424,3,2025-10-02,Cartão,Concluída
2521,124,16,2025-09-22,Boleto,Concluída
2522,914,18,2025-01-05,Transferência,Concluída
2523,765,17,2025-04-16,Cartão,Concluída
2524,693,16,2025-07-07,Boleto,Concluída
2525,487,10,2025-09-24,Cartão,Concluída
2526,893,11,2025-06-11,Cartão,Concluída
2527,824,6,2025-05-31,Boleto,Concluída
2528,371,9,2025-07-21,Transferência,Concluída
2529,530,18,2025-01-19,Pix,Concluída
2530,247,15,2025-11-10,Cartão,Concluída
2531,72,6,2025-02-13,Boleto,Concluída
2532,391,7,2025-08-03,Transferência,Concluída
2533,136,9,2025-11-04,Transferência,Concluída
2534,136,1,2025-11-06,Boleto,Concluída
2535,414,19,2025-05-23,Cartão,Concluída
2536,553,8,2025-06-15,Pix,Concluída
2537,168,18,2025-09-01,Pix,Concluída
2538,973,20,2025-11-08,Pix,Concluída
2539,1,16,2025-07-03,Pix,Concluída
2540,972,15,2025-11-10,Boleto,Concluída
2541,815,8,2025-10-15,Cartão,Concluída
2542,797,11,2025-04-26,Boleto,Concluída
2543,554,2,2025-02-09,Cartão,Concluída
2544,82,20,2025-03-28,Cartão,Concluída
2545,973,9,2025-03-04,Transferência,Concluída
2546,863,19,2025-04-12,Cartão,Concluída
2547,263,11,2025-08-18,Transferência,Concluída
2548,936,12,2025-01-28,Transferência,Cancelada
2549,262,14,2025-07-09,Boleto,Concluída
2550,267,10,2025-12-12,Pix,Concluída
2551,685,14,2025-11-28,Transferência,Concluída
2552,549,5,2025-12-09,Pix,Concluída
2553,802,12,2025-10-31,Cartão,Concluída
2554,261,1,2025-02-01,Cartão,Concluída
2555,902,11,2025-12-17,Pix,Concluída
2556,215,6,2025-11-15,Transferência,Concluída
2557,743,13,2025-03-17,Boleto,Concluída
2558,544,6,2025-09-29,Boleto,Concluída
2559,709,1,2025-08-19,Boleto,Cancelada
2560,827,17,2025-08-17,Transferência,Concluída
2561,916,19,2025-01-25,Boleto,Concluída
2562,629,6,2025-01-22,Boleto,Concluída
2563,776,7,2025-07-23,Cartão,Concluída
2564,431,12,2025-03-11,Pix,Concluída
2565,898,13,2025-12-31,Boleto,Concluída
2566,218,5,2025-06-03,Boleto,Concluída
2567,907,20,2025-03-26,Boleto,Concluída
2568,826,20,2025-01-14,Boleto,Concluída
2569,380,15,2025-07-06,Pix,Concluída
2570,944,9,2025-09-08,Pix,Concluída
2571,542,10,2025-10-04,Transferência,Concluída
2572,179,1,2025-08-26,Pix,Concluída
2573,346,9,2025-08-17,Cartão,Concluída
2574,180,13,2025-04-26,Cartão,Concluída
2575,265,18,2025-11-23,Pix,Concluída
2576,415,17,2025-02-24,Pix,Concluída
2577,959,13,2025-10-01,Transferência,Concluída
2578,197,15,2025-05-30,Boleto,Concluída
2579,227,19,2025-07-11,Transferência,Concluída
2580,831,3,2025-06-29,Pix,Concluída
2581,236,8,2025-09-16,Boleto,Devolvida
2582,836,19,2025-12-16,Pix,Devolvida
2583,535,7,2025-05-15,Boleto,Concluída
2584,503,10,2025-05-04,Transferência,Concluída
2585,431,6,2025-10-14,Pix,Concluída
2586,638,15,2025-05-10,Transferência,Concluída
2587,254,12,2025-12-19,Cartão,Concluída
2588,559,8,2025-03-02,Transferência,Concluída
2589,555,18,2025-03-02,Pix,Concluída
2590,269,4,2025-02-22,Pix,Concluída
2591,886,8,2025-10-18,Pix,Concluída
2592,728,1,2025-12-12,Cartão,Concluída
2593,462,10,2025-05-19,Boleto,Concluída
2594,822,18,2025-11-01,Cartão,Cancelada
2595,334,18,2025-06-01,Cartão,Concluída
2596,374,19,2025-10-06,Pix,Concluída
2597,196,1,2025-08-21,Pix,Concluída
2598,696,5,2025-08-21,Cartão,Cancelada
2599,332,12,2025-11-08,Pix,Concluída
2600,569,16,2025-07-07,Pix,Concluída
2601,879,20,2025-06-02,Transferência,Concluída
2602,287,11,2025-09-22,Transferência,Concluída
2603,23,16,2025-12-03,Pix,Concluída
2604,83,19,2025-09-12,Cartão,Concluída
2605,26,18,2025-05-18,Pix,Concluída
2606,131,7,2025-07-14,Boleto,Concluída
2607,119,19,2025-12-21,Transferência,Concluída
2608,249,2,2025-12-18,Cartão,Concluída
2609,315,3,2025-09-16,Boleto,Concluída
2610,220,14,2025-10-12,Cartão,Devolvida
2611,489,17,2025-03-27,Transferência,Concluída
2612,256,8,2025-05-27,Boleto,Concluída
2613,37,11,2025-12-08,Transferência,Cancelada
2614,536,4,2025-10-30,Pix,Concluída
2615,183,19,2025-09-26,Cartão,Concluída
2616,737,3,2025-02-11,Pix,Concluída
2617,302,7,2025-07-14,Boleto,Concluída
2618,547,19,2025-04-19,Transferência,Concluída
2619,493,15,2025-07-16,Boleto,Concluída
2620,380,11,2025-12-23,Boleto,Concluída
2621,551,15,2025-08-05,Boleto,Concluída
2622,801,17,2025-12-22,Cartão,Concluída
2623,529,2,2025-04-03,Boleto,Concluída
2624,129,17,2025-07-30,Cartão,Concluída
2625,281,7,2025-04-17,Transferência,Concluída
2626,742,12,2025-07-23,Pix,Concluída
2627,98,16,2025-03-08,Cartão,Concluída
2628,158,6,2025-05-12,Boleto,Concluída
2629,544,20,2025-03-11,Boleto,Concluída
2630,681,8,2025-04-23,Boleto,Concluída
2631,594,18,2025-01-22,Boleto,Concluída
2632,592,10,2025-01-06,Boleto,Concluída
2633,956,13,2025-10-30,Cartão,Concluída
2634,66,19,2025-02-23,Transferência,Concluída
2635,836,5,2025-04-21,Transferência,Concluída
2636,295,11,2025-06-02,Cartão,Concluída
2637,133,15,2025-09-27,Cartão,Concluída
2638,288,17,2025-05-21,Transferência,Concluída
2639,252,8,2025-07-12,Cartão,Concluída
2640,559,19,2025-08-29,Transferência,Concluída
2641,85,7,2025-09-14,Cartão,Concluída
2642,299,2,2025-12-18,Boleto,Concluída
2643,844,19,2025-04-23,Cartão,Concluída
2644,880,11,2025-10-11,Cartão,Cancelada
2645,928,20,2025-01-12,Cartão,Concluída
2646,585,12,2025-01-31,Cartão,Concluída
2647,447,20,2025-06-05,Boleto,Concluída
2648,143,15,2025-12-05,Cartão,Concluída
2649,769,12,2025-07-01,Transferência,Cancelada
2650,27,19,2025-05-16,Boleto,Concluída
2651,69,10,2025-04-23,Pix,Concluída
2652,624,3,2025-06-21,Transferência,Concluída
2653,449,13,2025-05-29,Cartão,Concluída
2654,402,20,2025-11-24,Cartão,Concluída
2655,21,1,2025-05-24,Pix,Concluída
2656,705,3,2025-05-31,Cartão,Concluída
2657,297,2,2025-05-16,Cartão,Concluída
2658,702,7,2025-02-08,Boleto,Concluída
2659,990,12,2025-11-28,Boleto,Concluída
2660,413,1,2025-10-18,Pix,Concluída
2661,126,4,2025-02-10,Transferência,Concluída
2662,37,13,2025-02-23,Transferência,Concluída
2663,192,5,2025-01-04,Cartão,Concluída
2664,625,14,2025-12-12,Cartão,Concluída
2665,605,4,2025-12-28,Pix,Concluída
2666,640,15,2025-12-29,Cartão,Concluída
2667,926,9,2025-11-15,Boleto,Concluída
2668,641,20,2025-07-21,Boleto,Concluída
2669,520,3,2025-01-06,Pix,Concluída
2670,395,3,2025-12-30,Cartão,Concluída
2671,604,11,2025-03-01,Cartão,Concluída
2672,246,20,2025-01-14,Cartão,Cancelada
2673,9,11,2025-07-01,Pix,Concluída
2674,224,2,2025-08-02,Cartão,Concluída
2675,767,10,2025-02-04,Boleto,Concluída
2676,599,20,2025-01-22,Transferência,Concluída
2677,760,10,2025-11-09,Cartão,Concluída
2678,993,2,2025-05-23,Transferência,Concluída
2679,573,13,2025-01-19,Pix,Concluída
2680,377,7,2025-06-16,Boleto,Concluída
2681,175,2,2025-08-23,Pix,Concluída
2682,119,1,2025-05-08,Cartão,Concluída
2683,100,13,2025-01-05,Pix,Concluída
2684,909,13,2025-02-08,Cartão,Concluída
2685,276,2,2025-03-28,Transferência,Cancelada
2686,815,14,2025-07-02,Boleto,Cancelada
2687,555,10,2025-10-12,Transferência,Concluída
2688,734,8,2025-12-09,Transferência,Concluída
2689,756,15,2025-11-05,Transferência,Concluída
2690,410,3,2025-06-12,Cartão,Concluída
2691,841,17,2025-11-08,Pix,Concluída
2692,325,17,2025-11-15,Cartão,Concluída
2693,302,11,2025-01-10,Cartão,Concluída
2694,188,18,2025-12-30,Pix,Concluída
2695,78,12,2025-02-01,Cartão,Concluída
2696,258,12,2025-05-20,Pix,Cancelada
2697,729,2,2025-08-15,Transferência,Concluída
2698,399,3,2025-05-18,Boleto,Concluída
2699,248,14,2025-06-04,Boleto,Concluída
2700,763,16,2025-08-31,Pix,Concluída
2701,336,14,2025-12-13,Cartão,Concluída
2702,267,1,2025-03-10,Boleto,Concluída
2703,229,13,2025-09-03,Transferência,Concluída
2704,650,17,2025-10-21,Transferência,Concluída
2705,907,9,2025-09-11,Boleto,Concluída
2706,65,12,2025-12-20,Cartão,Concluída
2707,181,9,2025-02-01,Boleto,Concluída
2708,564,15,2025-04-10,Pix,Concluída
2709,508,7,2025-02-02,Pix,Concluída
2710,691,13,2025-11-13,Transferência,Cancelada
2711,467,4,2025-07-20,Pix,Concluída
2712,612,17,2025-01-29,Cartão,Concluída
2713,323,17,2025-04-06,Pix,Concluída
2714,885,10,2025-06-10,Cartão,Concluída
2715,251,8,2025-12-22,Cartão,Cancelada
2716,715,13,2025-08-19,Pix,Concluída
2717,674,5,2025-07-09,Cartão,Concluída
2718,885,7,2025-07-22,Cartão,Concluída
2719,881,15,2025-04-09,Cartão,Concluída
2720,595,10,2025-03-17,Cartão,Concluída
2721,218,11,2025-01-26,Transferência,Concluída
2722,800,12,2025-11-15,Boleto,Concluída
2723,82,7,2025-03-02,Cartão,Concluída
2724,932,12,2025-05-17,Boleto,Concluída
2725,427,11,2025-12-25,Cartão,Concluída
2726,650,7,2025-07-23,Pix,Concluída
2727,916,7,2025-08-02,Transferência,Concluída
2728,424,2,2025-03-01,Cartão,Concluída
2729,560,18,2025-11-28,Pix,Concluída
2730,216,6,2025-05-25,Boleto,Concluída
2731,410,16,2025-08-14,Pix,Concluída
2732,553,11,2025-09-05,Cartão,Concluída
2733,259,17,2025-08-23,Pix,Concluída
2734,59,3,2025-10-11,Cartão,Concluída
2735,292,11,2025-03-26,Boleto,Concluída
2736,960,5,2025-12-06,Transferência,Concluída
2737,125,11,2025-03-16,Boleto,Concluída
2738,872,10,2025-09-21,Cartão,Concluída
2739,807,14,2025-10-16,Pix,Concluída
2740,225,1,2025-03-04,Transferência,Concluída
2741,768,16,2025-05-16,Pix,Concluída
2742,447,18,2025-04-29,Cartão,Concluída
2743,382,19,2025-02-10,Transferência,Concluída
2744,313,5,2025-05-16,Transferência,Devolvida
2745,470,6,2025-07-16,Pix,Concluída
2746,251,4,2025-05-29,Transferência,Concluída
2747,17,1,2025-03-01,Cartão,Concluída
2748,86,10,2025-05-08,Transferência,Concluída
2749,485,20,2025-10-26,Transferência,Cancelada
2750,459,14,2025-05-29,Transferência,Concluída
2751,365,6,2025-03-07,Pix,Concluída
2752,750,10,2025-03-14,Boleto,Concluída
2753,118,4,2025-11-06,Boleto,Concluída
2754,925,15,2025-03-07,Pix,Concluída
2755,134,7,2025-07-26,Boleto,Concluída
2756,886,1,2025-09-23,Pix,Concluída
2757,500,9,2025-09-18,Boleto,Concluída
2758,294,10,2025-10-03,Transferência,Cancelada
2759,299,12,2025-12-25,Transferência,Concluída
2760,876,10,2025-03-03,Boleto,Concluída
2761,488,15,2025-11-25,Boleto,Concluída
2762,360,19,2025-03-31,Cartão,Concluída
2763,666,13,2025-06-07,Boleto,Concluída
2764,282,3,2025-01-02,Boleto,Concluída
2765,998,4,2025-10-21,Transferência,Concluída
2766,407,9,2025-10-25,Pix,Concluída
2767,694,6,2025-01-17,Transferência,Concluída
2768,485,19,2025-04-02,Transferência,Concluída
2769,278,7,2025-05-19,Cartão,Concluída
2770,809,2,2025-08-22,Cartão,Concluída
2771,752,13,2025-09-07,Cartão,Concluída
2772,704,19,2025-03-19,Cartão,Concluída
2773,192,9,2025-05-23,Transferência,Concluída
2774,906,10,2025-12-10,Pix,Concluída
2775,767,2,2025-05-16,Transferência,Concluída
2776,684,9,2025-06-16,Pix,Concluída
2777,191,13,2025-09-06,Pix,Concluída
2778,356,20,2025-12-31,Transferência,Concluída
2779,869,20,2025-03-14,Cartão,Concluída
2780,600,18,2025-04-21,Boleto,Concluída
2781,484,17,2025-04-22,Pix,Concluída
2782,344,8,2025-01-27,Pix,Concluída
2783,17,9,2025-08-29,Cartão,Concluída
2784,162,16,2025-08-02,Cartão,Cancelada
2785,27,19,2025-09-17,Pix,Cancelada
2786,707,16,2025-04-02,Cartão,Concluída
2787,328,2,2025-02-19,Cartão,Concluída
2788,800,3,2025-08-05,Transferência,Concluída
2789,437,1,2025-06-24,Boleto,Concluída
2790,525,3,2025-04-19,Pix,Concluída
2791,879,17,2025-06-24,Transferência,Concluída
2792,314,19,2025-12-30,Boleto,Concluída
2793,756,9,2025-04-11,Boleto,Concluída
2794,783,9,2025-12-29,Cartão,Concluída
2795,862,16,2025-04-09,Pix,Concluída
2796,306,11,2025-04-17,Boleto,Cancelada
2797,207,10,2025-04-26,Transferência,Concluída
2798,953,7,2025-06-28,Transferência,Concluída
2799,217,8,2025-11-24,Cartão,Concluída
2800,924,9,2025-06-24,Pix,Devolvida
2801,103,19,2025-12-06,Pix,Concluída
2802,478,10,2025-07-17,Transferência,Concluída
2803,464,1,2025-09-05,Cartão,Cancelada
2804,398,20,2025-08-19,Transferência,Concluída
2805,572,13,2025-12-20,Transferência,Concluída
2806,2,9,2025-07-20,Transferência,Concluída
2807,953,9,2025-01-26,Transferência,Concluída
2808,596,10,2025-02-15,Cartão,Concluída
2809,774,17,2025-04-06,Pix,Concluída
2810,717,12,2025-11-13,Pix,Concluída
2811,510,4,2025-02-09,Pix,Concluída
2812,622,9,2025-10-03,Cartão,Concluída
2813,334,9,2025-03-04,Cartão,Concluída
2814,24,12,2025-03-23,Transferência,Cancelada
2815,329,3,2025-12-08,Pix,Concluída
2816,52,17,2025-03-20,Cartão,Concluída
2817,600,12,2025-01-23,Pix,Concluída
2818,633,1,2025-05-10,Transferência,Concluída
2819,252,18,2025-10-06,Transferência,Concluída
2820,433,2,2025-07-27,Boleto,Concluída
2821,758,7,2025-04-15,Cartão,Concluída
2822,156,4,2025-11-17,Cartão,Concluída
2823,682,7,2025-10-19,Cartão,Concluída
2824,534,4,2025-12-12,Pix,Concluída
2825,277,3,2025-02-05,Cartão,Concluída
2826,680,6,2025-04-29,Boleto,Concluída
2827,242,19,2025-11-24,Pix,Concluída
2828,591,13,2025-07-20,Cartão,Concluída
2829,945,4,2025-11-21,Boleto,Concluída
2830,138,6,2025-02-22,Transferência,Cancelada
2831,499,5,2025-09-18,Pix,Devolvida
2832,853,15,2025-06-17,Pix,Concluída
2833,763,7,2025-04-17,Pix,Concluída
2834,293,14,2025-03-24,Cartão,Concluída
2835,408,6,2025-02-02,Cartão,Concluída
2836,843,6,2025-06-28,Boleto,Concluída
2837,424,9,2025-06-22,Pix,Concluída
2838,387,20,2025-09-13,Boleto,Concluída
2839,407,14,2025-01-04,Transferência,Concluída
2840,476,11,2025-01-01,Cartão,Concluída
2841,189,8,2025-10-15,Cartão,Concluída
2842,100,5,2025-12-11,Boleto,Concluída
2843,301,19,2025-11-08,Pix,Concluída
2844,46,3,2025-10-08,Transferência,Concluída
2845,556,20,2025-02-19,Boleto,Concluída
2846,870,4,2025-11-13,Transferência,Concluída
2847,173,3,2025-01-09,Boleto,Concluída
2848,417,11,2025-05-19,Pix,Concluída
2849,857,15,2025-10-24,Pix,Concluída
2850,993,6,2025-09-06,Pix,Concluída
2851,510,14,2025-03-05,Pix,Concluída
2852,266,12,2025-10-28,Transferência,Concluída
2853,892,1,2025-02-27,Pix,Concluída
2854,334,6,2025-04-17,Pix,Concluída
2855,617,14,2025-05-03,Transferência,Concluída
2856,503,17,2025-10-15,Transferência,Concluída
2857,16,6,2025-09-19,Cartão,Concluída
2858,245,16,2025-09-10,Boleto,Concluída
2859,175,11,2025-12-29,Pix,Concluída
2860,295,13,2025-03-31,Pix,Concluída
2861,652,11,2025-12-08,Transferência,Concluída
2862,108,8,2025-05-19,Transferência,Concluída
2863,675,2,2025-05-28,Boleto,Concluída
2864,309,9,2025-06-06,Boleto,Concluída
2865,917,1,2025-05-09,Pix,Concluída
2866,136,15,2025-03-04,Boleto,Concluída
2867,694,7,2025-05-21,Pix,Cancelada
2868,305,3,2025-11-03,Boleto,Concluída
2869,940,20,2025-10-13,Transferência,Concluída
2870,163,3,2025-09-28,Boleto,Concluída
2871,838,18,2025-05-01,Cartão,Concluída
2872,603,11,2025-06-23,Boleto,Concluída
2873,52,19,2025-12-12,Cartão,Concluída
2874,471,8,2025-02-27,Cartão,Concluída
2875,261,16,2025-09-15,Pix,Concluída
2876,288,10,2025-11-30,Boleto,Concluída
2877,554,7,2025-02-13,Transferência,Concluída
2878,400,2,2025-03-01,Cartão,Concluída
2879,221,13,2025-07-30,Boleto,Cancelada
2880,233,2,2025-04-01,Cartão,Concluída
2881,239,15,2025-01-13,Pix,Concluída
2882,79,14,2025-11-05,Boleto,Concluída
2883,452,6,2025-05-11,Transferência,Concluída
2884,171,5,2025-05-31,Cartão,Cancelada
2885,376,10,2025-11-06,Pix,Concluída
2886,390,11,2025-05-01,Boleto,Concluída
2887,5,3,2025-06-27,Boleto,Concluída
2888,824,17,2025-05-04,Boleto,Concluída
2889,300,6,2025-11-20,Pix,Concluída
2890,944,15,2025-09-25,Transferência,Concluída
2891,978,20,2025-04-24,Cartão,Concluída
2892,638,12,2025-11-10,Transferência,Concluída
2893,736,8,2025-07-12,Cartão,Concluída
2894,810,4,2025-11-15,Cartão,Concluída
2895,35,8,2025-12-28,Pix,Concluída
2896,317,14,2025-01-25,Pix,Concluída
2897,835,15,2025-08-29,Pix,Concluída
2898,136,12,2025-11-19,Transferência,Concluída
2899,769,5,2025-03-09,Pix,Cancelada
2900,37,4,2025-02-09,Pix,Devolvida
2901,84,14,2025-04-28,Cartão,Concluída
2902,444,15,2025-03-16,Pix,Concluída
2903,531,5,2025-06-16,Pix,Concluída
2904,142,14,2025-04-21,Boleto,Concluída
2905,703,7,2025-03-20,Cartão,Concluída
2906,653,5,2025-01-08,Pix,Concluída
2907,715,19,2025-07-17,Transferência,Concluída
2908,425,10,2025-11-01,Boleto,Concluída
2909,649,15,2025-02-26,Cartão,Concluída
2910,437,11,2025-05-12,Boleto,Cancelada
2911,351,9,2025-11-28,Cartão,Concluída
2912,308,8,2025-07-16,Boleto,Concluída
2913,687,12,2025-06-05,Cartão,Concluída
2914,1,4,2025-04-14,Transferência,Concluída
2915,217,3,2025-07-01,Boleto,Concluída
2916,66,13,2025-04-14,Transferência,Concluída
2917,571,3,2025-02-01,Boleto,Concluída
2918,644,7,2025-10-11,Cartão,Concluída
2919,516,16,2025-02-10,Pix,Concluída
2920,289,7,2025-09-17,Cartão,Cancelada
2921,816,17,2025-10-29,Cartão,Concluída
2922,746,9,2025-03-19,Pix,Concluída
2923,122,4,2025-08-31,Boleto,Concluída
2924,221,8,2025-10-18,Cartão,Concluída
2925,965,7,2025-11-01,Cartão,Concluída
2926,861,16,2025-01-17,Cartão,Concluída
2927,503,8,2025-12-08,Boleto,Concluída
2928,526,19,2025-02-12,Boleto,Concluída
2929,877,4,2025-08-09,Cartão,Concluída
2930,547,16,2025-10-13,Cartão,Concluída
2931,751,18,2025-06-10,Transferência,Cancelada
2932,531,2,2025-07-21,Pix,Concluída
2933,149,20,2025-12-04,Transferência,Concluída
2934,524,10,2025-12-15,Boleto,Concluída
2935,298,4,2025-11-28,Transferência,Concluída
2936,341,15,2025-06-30,Transferência,Concluída
2937,729,5,2025-08-07,Pix,Concluída
2938,15,9,2025-04-11,Transferência,Concluída
2939,596,5,2025-09-02,Pix,Concluída
2940,533,14,2025-12-31,Boleto,Concluída
2941,231,6,2025-09-19,Transferência,Concluída
2942,995,16,2025-12-13,Cartão,Concluída
2943,642,11,2025-02-26,Cartão,Concluída
2944,607,14,2025-11-21,Transferência,Concluída
2945,676,6,2025-02-24,Cartão,Devolvida
2946,213,10,2025-12-07,Boleto,Concluída
2947,577,14,2025-12-20,Cartão,Cancelada
2948,998,20,2025-08-17,Transferência,Concluída
2949,876,16,2025-08-21,Boleto,Concluída
2950,125,4,2025-09-24,Pix,Concluída
2951,344,17,2025-04-04,Pix,Concluída
2952,955,9,2025-09-01,Transferência,Concluída
2953,301,14,2025-02-04,Pix,Concluída
2954,556,20,2025-10-20,Boleto,Concluída
2955,51,11,2025-03-13,Pix,Concluída
2956,417,12,2025-02-18,Cartão,Concluída
2957,32,18,2025-05-19,Cartão,Concluída
2958,414,3,2025-05-24,Cartão,Cancelada
2959,642,7,2025-12-17,Boleto,Concluída
2960,945,2,2025-06-09,Pix,Concluída
2961,503,8,2025-04-22,Cartão,Concluída
2962,866,3,2025-09-03,Boleto,Concluída
2963,555,5,2025-02-11,Boleto,Concluída
2964,750,16,2025-12-17,Transferência,Concluída
2965,638,14,2025-12-24,Boleto,Concluída
2966,283,12,2025-09-05,Transferência,Concluída
2967,996,15,2025-03-04,Pix,Concluída
2968,314,11,2025-04-04,Boleto,Concluída
2969,294,14,2025-06-24,Boleto,Concluída
2970,954,13,2025-09-14,Pix,Concluída
2971,294,11,2025-09-05,Transferência,Concluída
2972,355,15,2025-07-09,Boleto,Concluída
2973,245,12,2025-01-02,Boleto,Concluída
2974,504,15,2025-08-08,Cartão,Concluída
2975,775,8,2025-11-10,Cartão,Devolvida
2976,535,19,2025-09-29,Boleto,Concluída
2977,117,19,2025-11-06,Pix,Concluída
2978,679,14,2025-04-05,Pix,Concluída
2979,455,18,2025-07-31,Cartão,Concluída
2980,121,2,2025-12-30,Cartão,Concluída
2981,621,4,2025-11-11,Transferência,Concluída
2982,407,17,2025-06-15,Pix,Concluída
2983,717,19,2025-03-24,Boleto,Concluída
2984,384,9,2025-04-26,Boleto,Concluída
2985,588,20,2025-11-22,Transferência,Concluída
2986,332,8,2025-05-02,Pix,Concluída
2987,430,20,2025-08-29,Transferência,Devolvida
2988,56,1,2025-07-26,Pix,Concluída
2989,347,6,2025-04-19,Cartão,Concluída
2990,637,19,2025-10-22,Pix,Concluída
2991,14,14,2025-04-17,Pix,Concluída
2992,43,17,2025-11-28,Pix,Concluída
2993,962,8,2025-01-04,Cartão,Devolvida
2994,432,11,2025-05-15,Pix,Concluída
2995,543,16,2025-01-19,Transferência,Concluída
2996,861,8,2025-06-21,Transferência,Concluída
2997,497,18,2025-10-22,Transferência,Concluída
2998,128,1,2025-03-12,Transferência,Concluída
2999,781,5,2025-05-01,Transferência,Concluída
3000,551,8,2025-02-20,Boleto,Concluída
3001,454,9,2025-11-21,Boleto,Concluída
3002,221,18,2025-03-01,Transferência,Concluída
3003,990,9,2025-11-14,Pix,Cancelada
3004,609,11,2025-05-10,Transferência,Concluída
3005,373,14,2025-03-14,Transferência,Concluída
3006,679,8,2025-05-22,Cartão,Concluída
3007,867,10,2025-11-11,Pix,Concluída
3008,354,14,2025-02-28,Transferência,Concluída
3009,305,10,2025-08-22,Cartão,Concluída
3010,650,11,2025-12-23,Transferência,Concluída
3011,418,11,2025-08-13,Pix,Concluída
3012,133,17,2025-08-10,Boleto,Concluída
3013,391,20,2025-02-18,Transferência,Concluída
3014,486,8,2025-04-07,Transferência,Concluída
3015,102,9,2025-10-26,Boleto,Concluída
3016,890,17,2025-01-26,Boleto,Concluída
3017,201,1,2025-11-01,Pix,Concluída
3018,524,3,2025-09-20,Cartão,Concluída
3019,468,6,2025-03-27,Transferência,Concluída
3020,46,11,2025-10-27,Boleto,Concluída
3021,864,12,2025-02-19,Boleto,Concluída
3022,298,3,2025-02-05,Pix,Concluída
3023,907,6,2025-08-08,Pix,Concluída
3024,579,6,2025-03-21,Pix,Concluída
3025,193,14,2025-09-09,Transferência,Concluída
3026,989,17,2025-09-10,Cartão,Concluída
3027,578,17,2025-09-27,Cartão,Concluída
3028,294,13,2025-08-04,Transferência,Concluída
3029,912,4,2025-03-13,Boleto,Concluída
3030,958,6,2025-07-29,Cartão,Concluída
3031,506,18,2025-09-14,Pix,Concluída
3032,183,14,2025-10-02,Cartão,Concluída
3033,213,7,2025-07-18,Cartão,Cancelada
3034,254,6,2025-04-13,Pix,Concluída
3035,221,11,2025-08-08,Pix,Concluída
3036,584,4,2025-11-18,Boleto,Concluída
3037,223,15,2025-04-18,Cartão,Concluída
3038,444,18,2025-07-08,Boleto,Concluída
3039,87,10,2025-12-25,Boleto,Concluída
3040,678,5,2025-08-25,Transferência,Concluída
3041,623,7,2025-06-19,Boleto,Concluída
3042,104,6,2025-06-26,Transferência,Concluída
3043,775,20,2025-09-20,Pix,Concluída
3044,15,3,2025-12-27,Boleto,Concluída
3045,758,6,2025-05-27,Cartão,Concluída
3046,443,17,2025-04-01,Pix,Concluída
3047,446,8,2025-07-03,Boleto,Concluída
3048,354,18,2025-08-24,Boleto,Concluída
3049,8,7,2025-04-06,Transferência,Concluída
3050,443,7,2025-02-14,Boleto,Concluída
3051,78,12,2025-07-15,Boleto,Concluída
3052,723,7,2025-06-18,Boleto,Concluída
3053,610,15,2025-11-10,Cartão,Concluída
3054,1,13,2025-05-31,Transferência,Concluída
3055,912,11,2025-01-08,Transferência,Concluída
3056,692,12,2025-03-06,Transferência,Concluída
3057,895,13,2025-05-14,Boleto,Concluída
3058,950,6,2025-07-17,Transferência,Concluída
3059,755,18,2025-03-11,Transferência,Concluída
3060,618,19,2025-07-17,Boleto,Concluída
3061,528,6,2025-03-22,Transferência,Concluída
3062,561,17,2025-06-21,Transferência,Concluída
3063,641,12,2025-11-23,Boleto,Concluída
3064,976,2,2025-08-26,Cartão,Concluída
3065,633,12,2025-02-04,Pix,Concluída
3066,617,6,2025-08-13,Transferência,Concluída
3067,703,9,2025-09-18,Boleto,Concluída
3068,145,2,2025-03-30,Pix,Concluída
3069,244,7,2025-10-27,Boleto,Concluída
3070,984,15,2025-10-30,Cartão,Concluída
3071,889,10,2025-05-25,Cartão,Concluída
3072,219,14,2025-04-02,Pix,Concluída
3073,950,6,2025-03-31,Boleto,Concluída
3074,445,14,2025-09-14,Transferência,Concluída
3075,61,4,2025-01-31,Pix,Concluída
3076,135,7,2025-07-09,Boleto,Concluída
3077,407,18,2025-10-26,Transferência,Concluída
3078,664,9,2025-08-31,Pix,Concluída
3079,642,19,2025-06-01,Boleto,Concluída
3080,45,7,2025-01-14,Transferência,Concluída
3081,536,3,2025-09-20,Transferência,Concluída
3082,414,5,2025-01-14,Pix,Concluída
3083,400,14,2025-09-27,Cartão,Concluída
3084,711,15,2025-02-15,Transferência,Concluída
3085,470,4,2025-02-12,Cartão,Concluída
3086,673,1,2025-12-21,Cartão,Concluída
3087,358,1,2025-12-31,Cartão,Concluída
3088,779,17,2025-04-08,Pix,Cancelada
3089,730,8,2025-04-23,Cartão,Concluída
3090,502,14,2025-06-26,Boleto,Concluída
3091,617,19,2025-01-04,Transferência,Concluída
3092,535,14,2025-05-17,Cartão,Concluída
3093,734,19,2025-12-28,Cartão,Concluída
3094,815,15,2025-08-30,Boleto,Concluída
3095,330,14,2025-03-25,Boleto,Concluída
3096,104,8,2025-05-22,Boleto,Concluída
3097,300,13,2025-04-01,Transferência,Concluída
3098,291,8,2025-04-02,Pix,Concluída
3099,121,3,2025-01-21,Boleto,Concluída
3100,998,11,2025-07-11,Pix,Concluída
3101,437,13,2025-12-15,Pix,Concluída
3102,944,18,2025-04-19,Pix,Concluída
3103,222,5,2025-05-23,Cartão,Concluída
3104,947,9,2025-07-12,Boleto,Concluída
3105,576,20,2025-09-18,Pix,Concluída
3106,284,5,2025-08-18,Cartão,Concluída
3107,907,7,2025-06-17,Pix,Concluída
3108,198,3,2025-09-26,Transferência,Concluída
3109,290,6,2025-01-05,Pix,Concluída
3110,415,11,2025-02-28,Cartão,Concluída
3111,880,8,2025-12-31,Cartão,Concluída
3112,756,12,2025-10-18,Transferência,Concluída
3113,958,20,2025-07-04,Transferência,Concluída
3114,285,20,2025-09-23,Pix,Concluída
3115,247,14,2025-07-19,Boleto,Concluída
3116,266,10,2025-07-20,Boleto,Concluída
3117,151,14,2025-05-29,Boleto,Concluída
3118,314,19,2025-05-06,Pix,Concluída
3119,733,13,2025-12-09,Cartão,Concluída
3120,630,2,2025-01-24,Cartão,Concluída
3121,165,14,2025-08-28,Boleto,Concluída
3122,57,12,2025-10-08,Cartão,Concluída
3123,350,20,2025-11-10,Cartão,Concluída
3124,375,17,2025-09-14,Cartão,Concluída
3125,481,11,2025-12-01,Transferência,Concluída
3126,773,14,2025-09-27,Cartão,Concluída
3127,824,10,2025-06-12,Transferência,Concluída
3128,827,1,2025-10-21,Cartão,Concluída
3129,73,20,2025-03-21,Boleto,Concluída
3130,529,18,2025-01-16,Cartão,Concluída
3131,646,9,2025-04-23,Cartão,Cancelada
3132,5,2,2025-10-03,Cartão,Concluída
3133,785,2,2025-09-28,Pix,Concluída
3134,361,19,2025-11-11,Pix,Cancelada
3135,402,14,2025-06-15,Transferência,Concluída
3136,975,7,2025-03-06,Transferência,Cancelada
3137,937,3,2025-12-05,Boleto,Concluída
3138,123,9,2025-03-26,Boleto,Concluída
3139,857,4,2025-04-19,Transferência,Devolvida
3140,868,18,2025-12-20,Cartão,Concluída
3141,552,14,2025-08-12,Pix,Concluída
3142,873,4,2025-09-29,Cartão,Concluída
3143,994,19,2025-11-25,Transferência,Concluída
3144,20,17,2025-09-04,Transferência,Concluída
3145,551,9,2025-05-21,Transferência,Concluída
3146,465,2,2025-02-03,Transferência,Concluída
3147,355,10,2025-10-17,Pix,Concluída
3148,664,16,2025-08-28,Transferência,Concluída
3149,90,1,2025-09-04,Transferência,Concluída
3150,886,5,2025-09-14,Transferência,Concluída
3151,582,19,2025-12-07,Boleto,Concluída
3152,977,8,2025-05-11,Boleto,Cancelada
3153,49,16,2025-10-26,Cartão,Concluída
3154,463,4,2025-03-03,Cartão,Concluída
3155,68,17,2025-05-20,Pix,Concluída
3156,846,3,2025-04-27,Pix,Concluída
3157,745,8,2025-11-25,Cartão,Concluída
3158,504,5,2025-05-17,Cartão,Concluída
3159,337,20,2025-08-15,Transferência,Concluída
3160,705,4,2025-11-05,Pix,Concluída
3161,865,19,2025-03-22,Transferência,Cancelada
3162,931,15,2025-09-09,Transferência,Concluída
3163,137,7,2025-12-02,Cartão,Cancelada
3164,661,18,2025-07-08,Transferência,Concluída
3165,899,7,2025-03-11,Cartão,Concluída
3166,909,1,2025-03-26,Cartão,Concluída
3167,679,3,2025-06-27,Boleto,Cancelada
3168,4,18,2025-05-27,Transferência,Concluída
3169,428,5,2025-11-20,Transferência,Concluída
3170,694,20,2025-02-09,Transferência,Concluída
3171,733,20,2025-10-21,Cartão,Concluída
3172,564,1,2025-03-18,Pix,Concluída
3173,650,3,2025-08-31,Boleto,Concluída
3174,91,9,2025-07-28,Boleto,Concluída
3175,672,14,2025-07-27,Pix,Concluída
3176,960,10,2025-05-15,Boleto,Concluída
3177,266,15,2025-01-11,Transferência,Concluída
3178,355,1,2025-10-20,Boleto,Concluída
3179,616,9,2025-11-23,Transferência,Cancelada
3180,977,9,2025-05-01,Boleto,Concluída
3181,156,8,2025-07-20,Boleto,Concluída
3182,178,8,2025-09-30,Cartão,Concluída
3183,721,11,2025-10-17,Cartão,Concluída
3184,879,15,2025-03-12,Boleto,Concluída
3185,853,14,2025-10-09,Cartão,Concluída
3186,165,4,2025-07-24,Transferência,Concluída
3187,913,15,2025-04-29,Cartão,Concluída
3188,743,7,2025-07-21,Pix,Concluída
3189,489,12,2025-11-09,Boleto,Concluída
3190,35,13,2025-12-20,Cartão,Concluída
3191,974,19,2025-07-08,Pix,Concluída
3192,178,6,2025-01-14,Cartão,Concluída
3193,563,5,2025-01-27,Pix,Concluída
3194,354,9,2025-09-09,Pix,Concluída
3195,12,6,2025-06-11,Pix,Concluída
3196,947,5,2025-07-04,Cartão,Concluída
3197,665,15,2025-08-31,Pix,Concluída
3198,109,12,2025-01-26,Boleto,Concluída
3199,691,2,2025-10-05,Pix,Concluída
3200,288,4,2025-02-22,Transferência,Devolvida
3201,944,17,2025-09-08,Transferência,Concluída
3202,209,9,2025-04-28,Cartão,Concluída
3203,596,10,2025-08-13,Transferência,Concluída
3204,86,2,2025-04-29,Cartão,Concluída
3205,207,9,2025-01-06,Pix,Concluída
3206,113,3,2025-06-25,Cartão,Concluída
3207,916,4,2025-11-16,Transferência,Concluída
3208,462,9,2025-01-12,Pix,Devolvida
3209,5,14,2025-05-07,Cartão,Concluída
3210,752,11,2025-02-11,Pix,Concluída
3211,547,20,2025-04-15,Boleto,Concluída
3212,18,8,2025-12-29,Transferência,Concluída
3213,453,20,2025-07-12,Pix,Concluída
3214,27,18,2025-07-15,Cartão,Concluída
3215,262,15,2025-09-19,Cartão,Concluída
3216,24,16,2025-11-18,Pix,Devolvida
3217,98,18,2025-01-16,Boleto,Concluída
3218,455,14,2025-06-11,Pix,Concluída
3219,362,3,2025-11-01,Pix,Concluída
3220,308,10,2025-10-20,Cartão,Concluída
3221,813,2,2025-08-23,Transferência,Concluída
3222,803,18,2025-02-03,Cartão,Concluída
3223,106,19,2025-03-13,Transferência,Concluída
3224,930,20,2025-11-27,Boleto,Concluída
3225,344,17,2025-02-04,Cartão,Concluída
3226,53,6,2025-06-16,Cartão,Concluída
3227,800,15,2025-02-18,Boleto,Concluída
3228,974,18,2025-08-24,Cartão,Concluída
3229,243,8,2025-07-13,Cartão,Concluída
3230,602,14,2025-05-10,Transferência,Concluída
3231,736,2,2025-04-17,Cartão,Concluída
3232,160,3,2025-12-25,Boleto,Concluída
3233,481,19,2025-02-07,Boleto,Concluída
3234,463,4,2025-02-22,Pix,Concluída
3235,992,15,2025-06-24,Boleto,Concluída
3236,711,12,2025-02-13,Transferência,Concluída
3237,859,20,2025-12-15,Cartão,Concluída
3238,49,4,2025-02-17,Cartão,Concluída
3239,32,9,2025-07-20,Pix,Concluída
3240,206,18,2025-11-02,Cartão,Concluída
3241,558,1,2025-09-09,Transferência,Devolvida
3242,465,9,2025-10-25,Pix,Concluída
3243,826,15,2025-10-06,Pix,Concluída
3244,717,9,2025-04-01,Boleto,Concluída
3245,680,13,2025-03-01,Cartão,Devolvida
3246,797,4,2025-04-17,Cartão,Concluída
3247,882,7,2025-01-31,Transferência,Concluída
3248,958,19,2025-02-12,Cartão,Concluída
3249,272,14,2025-03-10,Boleto,Concluída
3250,893,12,2025-07-29,Pix,Concluída
3251,291,11,2025-01-02,Cartão,Concluída
3252,898,20,2025-05-06,Cartão,Concluída
3253,730,2,2025-03-26,Boleto,Concluída
3254,607,15,2025-01-24,Transferência,Concluída
3255,375,20,2025-06-29,Pix,Concluída
3256,194,2,2025-03-02,Boleto,Concluída
3257,437,16,2025-11-21,Transferência,Concluída
3258,506,6,2025-01-10,Boleto,Concluída
3259,611,10,2025-07-08,Boleto,Concluída
3260,695,11,2025-04-03,Boleto,Concluída
3261,443,8,2025-12-01,Pix,Concluída
3262,968,15,2025-10-19,Cartão,Concluída
3263,316,4,2025-06-07,Pix,Concluída
3264,138,19,2025-02-28,Cartão,Concluída
3265,103,10,2025-02-22,Cartão,Concluída
3266,454,4,2025-07-13,Cartão,Concluída
3267,503,18,2025-03-25,Transferência,Concluída
3268,674,18,2025-09-25,Pix,Concluída
3269,479,9,2025-12-25,Pix,Concluída
3270,264,11,2025-12-22,Cartão,Concluída
3271,420,10,2025-03-25,Boleto,Concluída
3272,678,10,2025-07-24,Transferência,Concluída
3273,848,10,2025-05-22,Cartão,Concluída
3274,462,17,2025-04-13,Cartão,Concluída
3275,649,20,2025-03-27,Pix,Concluída
3276,566,5,2025-11-17,Transferência,Concluída
3277,814,11,2025-10-02,Cartão,Concluída
3278,903,13,2025-01-30,Cartão,Concluída
3279,405,4,2025-11-05,Transferência,Concluída
3280,151,4,2025-05-03,Cartão,Concluída
3281,930,20,2025-12-15,Transferência,Concluída
3282,664,2,2025-09-26,Transferência,Concluída
3283,500,8,2025-08-11,Transferência,Cancelada
3284,217,16,2025-10-29,Cartão,Concluída
3285,852,15,2025-07-14,Pix,Devolvida
3286,119,15,2025-05-06,Cartão,Concluída
3287,966,1,2025-02-02,Transferência,Concluída
3288,305,9,2025-12-21,Pix,Concluída
3289,2,1,2025-10-14,Cartão,Concluída
3290,641,7,2025-01-29,Cartão,Devolvida
3291,719,12,2025-10-17,Transferência,Concluída
3292,147,17,2025-05-01,Transferência,Concluída
3293,472,18,2025-08-01,Pix,Concluída
3294,479,13,2025-12-24,Transferência,Concluída
3295,331,11,2025-08-24,Pix,Concluída
3296,516,10,2025-03-31,Pix,Concluída
3297,382,6,2025-02-28,Boleto,Concluída
3298,396,13,2025-04-30,Cartão,Concluída
3299,340,15,2025-05-27,Pix,Devolvida
3300,248,20,2025-01-02,Pix,Concluída
3301,720,16,2025-10-04,Pix,Concluída
3302,265,10,2025-07-09,Boleto,Concluída
3303,694,15,2025-02-08,Boleto,Concluída
3304,790,19,2025-05-14,Pix,Concluída
3305,182,17,2025-02-09,Pix,Concluída
3306,35,6,2025-07-19,Cartão,Concluída
3307,188,18,2025-04-05,Boleto,Concluída
3308,714,5,2025-01-30,Boleto,Concluída
3309,633,13,2025-12-04,Transferência,Concluída
3310,969,9,2025-09-29,Boleto,Concluída
3311,994,4,2025-10-12,Boleto,Concluída
3312,279,20,2025-08-07,Cartão,Concluída
3313,998,20,2025-11-13,Cartão,Concluída
3314,345,20,2025-05-08,Pix,Concluída
3315,584,12,2025-06-11,Pix,Concluída
3316,990,15,2025-03-18,Transferência,Concluída
3317,624,19,2025-01-20,Cartão,Concluída
3318,627,12,2025-07-15,Pix,Concluída
3319,137,5,2025-10-31,Boleto,Concluída
3320,524,13,2025-04-07,Cartão,Concluída
3321,690,9,2025-06-17,Cartão,Concluída
3322,407,4,2025-04-02,Boleto,Concluída
3323,834,11,2025-04-10,Transferência,Concluída
3324,784,11,2025-05-31,Transferência,Concluída
3325,883,14,2025-05-26,Cartão,Cancelada
3326,373,5,2025-08-31,Pix,Concluída
3327,166,13,2025-07-25,Pix,Cancelada
3328,206,6,2025-05-03,Boleto,Concluída
3329,293,17,2025-06-16,Cartão,Concluída
3330,1,2,2025-01-11,Cartão,Concluída
3331,354,1,2025-03-17,Boleto,Cancelada
3332,208,15,2025-06-17,Cartão,Concluída
3333,699,2,2025-03-01,Transferência,Concluída
3334,877,7,2025-02-18,Cartão,Concluída
3335,502,10,2025-02-06,Pix,Concluída
3336,592,18,2025-04-06,Transferência,Concluída
3337,640,14,2025-04-21,Boleto,Concluída
3338,923,11,2025-10-23,Cartão,Concluída
3339,500,2,2025-06-22,Boleto,Concluída
3340,2,15,2025-02-07,Transferência,Concluída
3341,980,4,2025-01-04,Boleto,Concluída
3342,530,13,2025-03-14,Cartão,Concluída
3343,477,1,2025-07-14,Transferência,Concluída
3344,590,11,2025-02-12,Boleto,Concluída
3345,458,13,2025-03-08,Cartão,Concluída
3346,714,13,2025-03-24,Boleto,Concluída
3347,242,5,2025-04-29,Pix,Concluída
3348,88,18,2025-06-11,Cartão,Concluída
3349,924,4,2025-12-21,Boleto,Concluída
3350,594,14,2025-12-23,Pix,Concluída
3351,787,10,2025-06-09,Cartão,Concluída
3352,628,12,2025-03-31,Pix,Concluída
3353,638,8,2025-03-03,Boleto,Concluída
3354,219,13,2025-03-17,Cartão,Cancelada
3355,224,15,2025-04-13,Boleto,Concluída
3356,815,13,2025-11-15,Pix,Concluída
3357,942,9,2025-12-09,Boleto,Devolvida
3358,25,11,2025-07-22,Pix,Concluída
3359,774,20,2025-07-15,Pix,Concluída
3360,904,14,2025-09-17,Pix,Concluída
3361,494,14,2025-11-09,Boleto,Concluída
3362,752,1,2025-12-21,Cartão,Concluída
3363,973,15,2025-07-07,Cartão,Concluída
3364,208,10,2025-09-18,Pix,Concluída
3365,405,7,2025-02-04,Transferência,Concluída
3366,368,10,2025-08-15,Transferência,Concluída
3367,7,15,2025-07-30,Transferência,Concluída
3368,277,7,2025-07-29,Pix,Concluída
3369,480,5,2025-01-12,Boleto,Concluída
3370,568,2,2025-08-05,Transferência,Cancelada
3371,148,3,2025-01-04,Cartão,Devolvida
3372,855,16,2025-02-22,Boleto,Concluída
3373,216,9,2025-10-17,Cartão,Concluída
3374,667,13,2025-11-24,Pix,Concluída
3375,903,16,2025-12-18,Transferência,Concluída
3376,154,7,2025-12-05,Cartão,Concluída
3377,656,7,2025-10-11,Boleto,Concluída
3378,557,7,2025-07-26,Transferência,Concluída
3379,329,8,2025-12-23,Transferência,Concluída
3380,190,17,2025-01-18,Pix,Concluída
3381,177,10,2025-11-07,Transferência,Concluída
3382,588,4,2025-02-06,Boleto,Concluída
3383,506,13,2025-06-30,Cartão,Concluída
3384,222,8,2025-06-04,Boleto,Concluída
3385,839,12,2025-12-10,Transferência,Devolvida
3386,224,8,2025-06-02,Pix,Concluída
3387,294,20,2025-04-25,Cartão,Concluída
3388,459,9,2025-05-15,Transferência,Devolvida
3389,703,2,2025-02-28,Cartão,Concluída
3390,400,3,2025-06-09,Cartão,Concluída
3391,464,9,2025-04-25,Pix,Concluída
3392,184,9,2025-07-25,Pix,Concluída
3393,893,8,2025-02-21,Boleto,Concluída
3394,453,2,2025-05-18,Cartão,Concluída
3395,497,13,2025-11-15,Pix,Concluída
3396,343,5,2025-07-20,Cartão,Concluída
3397,757,2,2025-10-19,Boleto,Concluída
3398,540,20,2025-06-20,Cartão,Concluída
3399,214,5,2025-07-13,Pix,Cancelada
3400,293,5,2025-04-07,Cartão,Concluída
3401,857,14,2025-06-22,Boleto,Concluída
3402,60,10,2025-04-04,Pix,Concluída
3403,221,16,2025-01-24,Pix,Cancelada
3404,726,12,2025-11-02,Pix,Concluída
3405,763,10,2025-06-14,Boleto,Concluída
3406,484,10,2025-11-05,Pix,Concluída
3407,422,19,2025-08-05,Boleto,Cancelada
3408,307,2,2025-05-26,Transferência,Concluída
3409,431,3,2025-12-09,Boleto,Cancelada
3410,595,7,2025-11-26,Cartão,Concluída
3411,813,17,2025-12-19,Pix,Concluída
3412,970,18,2025-04-15,Boleto,Concluída
3413,512,2,2025-03-21,Cartão,Concluída
3414,766,5,2025-06-04,Boleto,Concluída
3415,386,6,2025-08-05,Boleto,Concluída
3416,438,18,2025-08-13,Cartão,Concluída
3417,184,7,2025-01-25,Boleto,Concluída
3418,860,11,2025-03-02,Cartão,Concluída
3419,51,10,2025-09-03,Pix,Concluída
3420,221,16,2025-09-02,Pix,Concluída
3421,448,6,2025-08-28,Pix,Concluída
3422,226,10,2025-10-27,Cartão,Concluída
3423,837,1,2025-04-22,Boleto,Concluída
3424,201,8,2025-04-20,Cartão,Concluída
3425,691,19,2025-12-23,Transferência,Concluída
3426,519,8,2025-05-21,Pix,Concluída
3427,622,19,2025-08-09,Cartão,Concluída
3428,871,20,2025-08-26,Cartão,Concluída
3429,845,18,2025-07-12,Cartão,Concluída
3430,878,18,2025-02-12,Cartão,Concluída
3431,721,17,2025-05-14,Cartão,Concluída
3432,727,17,2025-06-02,Transferência,Concluída
3433,627,7,2025-11-13,Cartão,Concluída
3434,820,12,2025-11-29,Pix,Concluída
3435,940,17,2025-03-15,Transferência,Concluída
3436,659,10,2025-01-07,Boleto,Concluída
3437,219,10,2025-05-14,Transferência,Cancelada
3438,335,17,2025-10-02,Pix,Devolvida
3439,732,18,2025-08-16,Pix,Concluída
3440,320,20,2025-05-14,Cartão,Concluída
3441,517,12,2025-11-28,Pix,Concluída
3442,587,9,2025-12-03,Transferência,Concluída
3443,148,10,2025-01-20,Cartão,Concluída
3444,222,12,2025-05-14,Cartão,Concluída
3445,401,7,2025-05-29,Pix,Concluída
3446,148,7,2025-11-13,Transferência,Concluída
3447,325,15,2025-05-21,Transferência,Concluída
3448,426,10,2025-04-14,Cartão,Concluída
3449,51,6,2025-07-26,Boleto,Concluída
3450,520,19,2025-08-22,Pix,Concluída
3451,722,14,2025-03-10,Transferência,Concluída
3452,63,3,2025-04-17,Pix,Concluída
3453,231,8,2025-08-15,Transferência,Cancelada
3454,790,18,2025-10-25,Transferência,Concluída
3455,689,4,2025-01-25,Transferência,Concluída
3456,632,9,2025-08-22,Cartão,Cancelada
3457,438,16,2025-08-20,Cartão,Concluída
3458,101,3,2025-08-24,Cartão,Concluída
3459,566,1,2025-03-09,Pix,Concluída
3460,424,11,2025-02-17,Boleto,Concluída
3461,122,6,2025-07-22,Pix,Concluída
3462,900,15,2025-01-14,Boleto,Cancelada
3463,258,16,2025-02-26,Pix,Concluída
3464,184,6,2025-01-08,Cartão,Concluída
3465,649,4,2025-03-17,Pix,Cancelada
3466,268,12,2025-03-23,Boleto,Concluída
3467,574,8,2025-08-04,Boleto,Concluída
3468,631,16,2025-07-09,Transferência,Concluída
3469,307,8,2025-04-01,Boleto,Concluída
3470,554,20,2025-01-28,Transferência,Concluída
3471,984,6,2025-10-23,Pix,Concluída
3472,888,1,2025-05-10,Boleto,Concluída
3473,9,9,2025-03-10,Cartão,Concluída
3474,714,7,2025-04-25,Transferência,Concluída
3475,72,15,2025-04-08,Cartão,Concluída
3476,336,7,2025-12-29,Pix,Concluída
3477,233,6,2025-07-16,Pix,Concluída
3478,565,19,2025-03-09,Cartão,Concluída
3479,212,15,2025-01-16,Boleto,Concluída
3480,635,10,2025-04-10,Transferência,Concluída
3481,630,15,2025-12-12,Cartão,Concluída
3482,402,4,2025-03-10,Pix,Concluída
3483,484,18,2025-12-17,Transferência,Concluída
3484,850,5,2025-11-08,Pix,Concluída
3485,687,11,2025-11-17,Boleto,Concluída
3486,247,19,2025-10-08,Boleto,Concluída
3487,588,20,2025-01-10,Pix,Concluída
3488,554,10,2025-02-21,Cartão,Concluída
3489,177,16,2025-05-21,Cartão,Concluída
3490,856,11,2025-06-04,Boleto,Concluída
3491,902,1,2025-09-11,Cartão,Concluída
3492,250,6,2025-12-12,Pix,Concluída
3493,205,13,2025-02-05,Boleto,Concluída
3494,469,15,2025-06-26,Boleto,Concluída
3495,593,20,2025-01-01,Transferência,Concluída
3496,481,2,2025-11-18,Cartão,Concluída
3497,180,8,2025-03-14,Boleto,Devolvida
3498,972,5,2025-05-08,Cartão,Concluída
3499,413,20,2025-11-27,Transferência,Concluída
3500,934,15,2025-05-10,Pix,Concluída
3501,644,17,2025-12-12,Pix,Cancelada
3502,487,14,2025-01-25,Boleto,Concluída
3503,710,14,2025-06-11,Cartão,Concluída
3504,736,7,2025-02-06,Transferência,Concluída
3505,504,14,2025-02-24,Cartão,Concluída
3506,182,15,2025-06-27,Pix,Concluída
3507,193,5,2025-06-15,Transferência,Concluída
3508,364,5,2025-09-15,Transferência,Concluída
3509,74,7,2025-08-30,Boleto,Concluída
3510,860,20,2025-07-06,Boleto,Concluída
3511,808,3,2025-01-12,Transferência,Cancelada
3512,847,16,2025-01-29,Pix,Concluída
3513,45,6,2025-10-03,Cartão,Concluída
3514,759,3,2025-06-11,Cartão,Concluída
3515,478,10,2025-04-28,Cartão,Concluída
3516,359,13,2025-10-15,Pix,Concluída
3517,292,16,2025-04-27,Transferência,Concluída
3518,920,20,2025-08-07,Boleto,Concluída
3519,706,18,2025-01-12,Transferência,Concluída
3520,353,14,2025-02-12,Pix,Concluída
3521,404,20,2025-05-26,Transferência,Devolvida
3522,303,16,2025-02-25,Pix,Concluída
3523,290,9,2025-01-30,Pix,Concluída
3524,985,14,2025-09-03,Transferência,Concluída
3525,46,14,2025-08-31,Transferência,Concluída
3526,480,1,2025-02-07,Cartão,Concluída
3527,267,11,2025-07-11,Transferência,Concluída
3528,58,3,2025-09-17,Pix,Concluída
3529,947,16,2025-01-15,Transferência,Concluída
3530,272,13,2025-12-23,Cartão,Concluída
3531,983,5,2025-01-20,Transferência,Concluída
3532,22,12,2025-01-13,Transferência,Concluída
3533,273,13,2025-01-04,Cartão,Cancelada
3534,479,12,2025-07-12,Transferência,Concluída
3535,242,19,2025-04-03,Boleto,Concluída
3536,783,7,2025-03-10,Transferência,Concluída
3537,635,8,2025-09-26,Cartão,Concluída
3538,90,13,2025-12-07,Cartão,Concluída
3539,421,16,2025-04-06,Boleto,Concluída
3540,717,8,2025-09-22,Pix,Concluída
3541,619,6,2025-03-23,Boleto,Concluída
3542,285,18,2025-07-17,Cartão,Concluída
3543,566,14,2025-02-28,Pix,Concluída
3544,595,6,2025-06-11,Pix,Concluída
3545,72,15,2025-03-15,Cartão,Concluída
3546,100,1,2025-10-01,Pix,Concluída
3547,237,3,2025-04-28,Transferência,Concluída
3548,997,2,2025-06-04,Cartão,Concluída
3549,383,8,2025-10-28,Pix,Concluída
3550,643,9,2025-05-09,Boleto,Concluída
3551,688,8,2025-04-16,Boleto,Concluída
3552,977,12,2025-06-19,Pix,Concluída
3553,138,11,2025-05-09,Transferência,Concluída
3554,959,4,2025-08-07,Pix,Concluída
3555,20,16,2025-01-25,Boleto,Concluída
3556,632,1,2025-02-28,Boleto,Concluída
3557,542,16,2025-06-30,Boleto,Concluída
3558,283,14,2025-10-18,Boleto,Concluída
3559,947,19,2025-09-12,Boleto,Concluída
3560,364,12,2025-04-22,Cartão,Concluída
3561,528,7,2025-07-23,Cartão,Concluída
3562,856,18,2025-09-08,Pix,Concluída
3563,990,14,2025-11-18,Boleto,Concluída
3564,950,14,2025-12-13,Pix,Concluída
3565,124,17,2025-09-28,Transferência,Concluída
3566,418,1,2025-04-05,Boleto,Concluída
3567,874,18,2025-03-31,Pix,Concluída
3568,657,17,2025-02-14,Transferência,Concluída
3569,333,17,2025-03-21,Boleto,Concluída
3570,415,5,2025-05-01,Cartão,Concluída
3571,353,5,2025-01-27,Pix,Concluída
3572,242,12,2025-05-03,Boleto,Concluída
3573,315,19,2025-01-01,Pix,Concluída
3574,890,12,2025-11-15,Pix,Concluída
3575,257,13,2025-10-16,Boleto,Concluída
3576,165,8,2025-05-30,Pix,Concluída
3577,904,10,2025-01-13,Pix,Concluída
3578,44,19,2025-06-03,Boleto,Concluída
3579,369,15,2025-08-22,Transferência,Cancelada
3580,323,16,2025-02-20,Cartão,Concluída
3581,332,20,2025-10-20,Pix,Concluída
3582,525,10,2025-10-13,Transferência,Cancelada
3583,306,10,2025-03-20,Pix,Concluída
3584,356,1,2025-11-18,Cartão,Concluída
3585,187,15,2025-07-05,Boleto,Concluída
3586,106,4,2025-01-15,Boleto,Concluída
3587,219,1,2025-11-14,Transferência,Concluída
3588,197,14,2025-04-06,Cartão,Concluída
3589,77,2,2025-10-12,Pix,Concluída
3590,991,18,2025-01-14,Transferência,Concluída
3591,961,3,2025-08-10,Pix,Concluída
3592,897,10,2025-05-08,Boleto,Concluída
3593,790,8,2025-12-08,Boleto,Concluída
3594,373,12,2025-07-01,Boleto,Concluída
3595,478,13,2025-02-16,Cartão,Concluída
3596,888,13,2025-05-22,Pix,Concluída
3597,381,5,2025-09-09,Cartão,Concluída
3598,7,12,2025-04-29,Cartão,Concluída
3599,852,1,2025-01-13,Boleto,Concluída
3600,408,5,2025-07-11,Boleto,Concluída
3601,647,5,2025-02-09,Boleto,Concluída
3602,742,19,2025-12-10,Cartão,Concluída
3603,89,10,2025-06-29,Boleto,Concluída
3604,201,2,2025-11-05,Transferência,Concluída
3605,933,19,2025-10-07,Cartão,Concluída
3606,256,4,2025-02-12,Pix,Concluída
3607,168,7,2025-08-06,Transferência,Cancelada
3608,371,15,2025-01-10,Pix,Concluída
3609,972,8,2025-08-13,Transferência,Concluída
3610,69,14,2025-06-23,Boleto,Concluída
3611,222,14,2025-01-28,Transferência,Concluída
3612,992,6,2025-12-12,Boleto,Concluída
3613,342,9,2025-01-06,Boleto,Concluída
3614,478,20,2025-07-23,Pix,Concluída
3615,459,9,2025-12-22,Pix,Concluída
3616,954,12,2025-03-16,Boleto,Concluída
3617,657,3,2025-02-11,Transferência,Concluída
3618,997,7,2025-05-28,Transferência,Concluída
3619,278,2,2025-03-31,Transferência,Concluída
3620,582,12,2025-04-14,Transferência,Concluída
3621,133,15,2025-03-11,Transferência,Concluída
3622,706,2,2025-09-17,Cartão,Devolvida
3623,267,17,2025-03-04,Pix,Concluída
3624,440,7,2025-08-20,Pix,Concluída
3625,747,17,2025-10-03,Cartão,Concluída
3626,324,6,2025-06-03,Cartão,Concluída
3627,874,9,2025-01-19,Cartão,Concluída
3628,796,9,2025-04-07,Transferência,Concluída
3629,765,10,2025-06-26,Cartão,Concluída
3630,551,13,2025-05-11,Boleto,Concluída
3631,955,16,2025-05-30,Transferência,Concluída
3632,72,14,2025-12-09,Pix,Concluída
3633,468,13,2025-04-02,Pix,Cancelada
3634,167,14,2025-04-03,Transferência,Concluída
3635,880,17,2025-12-26,Boleto,Concluída
3636,778,15,2025-03-12,Cartão,Concluída
3637,317,9,2025-07-19,Pix,Concluída
3638,205,10,2025-12-24,Pix,Concluída
3639,846,19,2025-01-06,Pix,Concluída
3640,745,9,2025-03-15,Transferência,Concluída
3641,132,5,2025-06-11,Transferência,Concluída
3642,871,17,2025-12-28,Boleto,Concluída
3643,405,7,2025-11-06,Pix,Concluída
3644,508,13,2025-07-23,Boleto,Concluída
3645,696,10,2025-05-27,Cartão,Concluída
3646,586,17,2025-04-09,Pix,Concluída
3647,197,14,2025-07-07,Boleto,Concluída
3648,556,2,2025-09-12,Pix,Concluída
3649,600,11,2025-01-02,Pix,Concluída
3650,759,12,2025-10-20,Cartão,Devolvida
3651,662,16,2025-01-01,Cartão,Concluída
3652,124,3,2025-02-20,Transferência,Concluída
3653,204,4,2025-03-19,Cartão,Concluída
3654,683,13,2025-07-14,Transferência,Concluída
3655,233,19,2025-05-22,Pix,Concluída
3656,436,2,2025-01-15,Boleto,Concluída
3657,549,5,2025-06-22,Boleto,Concluída
3658,257,17,2025-06-10,Cartão,Concluída
3659,121,3,2025-04-03,Boleto,Concluída
3660,266,6,2025-08-16,Cartão,Concluída
3661,1000,6,2025-11-13,Cartão,Concluída
3662,819,8,2025-12-08,Transferência,Concluída
3663,721,5,2025-04-28,Pix,Concluída
3664,847,20,2025-06-09,Pix,Concluída
3665,134,15,2025-09-11,Boleto,Concluída
3666,714,1,2025-10-12,Cartão,Concluída
3667,362,17,2025-10-07,Boleto,Concluída
3668,888,20,2025-10-17,Pix,Concluída
3669,981,14,2025-04-28,Boleto,Concluída
3670,311,15,2025-01-22,Cartão,Concluída
3671,114,5,2025-01-04,Boleto,Concluída
3672,239,12,2025-11-01,Boleto,Concluída
3673,936,11,2025-05-26,Cartão,Concluída
3674,927,15,2025-04-02,Pix,Concluída
3675,467,1,2025-11-20,Cartão,Concluída
3676,850,16,2025-08-09,Cartão,Concluída
3677,218,14,2025-07-21,Transferência,Concluída
3678,120,15,2025-06-20,Boleto,Concluída
3679,642,18,2025-07-28,Boleto,Concluída
3680,60,1,2025-05-06,Pix,Concluída
3681,571,6,2025-09-28,Pix,Concluída
3682,988,1,2025-11-06,Pix,Concluída
3683,337,11,2025-04-04,Pix,Concluída
3684,916,17,2025-11-30,Boleto,Concluída
3685,907,7,2025-05-15,Pix,Concluída
3686,62,14,2025-05-29,Boleto,Concluída
3687,23,4,2025-12-04,Boleto,Concluída
3688,579,7,2025-06-14,Pix,Concluída
3689,956,4,2025-03-12,Cartão,Concluída
3690,993,20,2025-05-18,Transferência,Concluída
3691,793,20,2025-05-11,Cartão,Concluída
3692,515,9,2025-05-09,Pix,Concluída
3693,318,13,2025-06-18,Pix,Concluída
3694,69,2,2025-09-19,Pix,Concluída
3695,275,9,2025-12-24,Boleto,Concluída
3696,78,3,2025-01-04,Boleto,Concluída
3697,697,1,2025-01-01,Transferência,Concluída
3698,578,8,2025-07-01,Pix,Concluída
3699,883,3,2025-10-30,Pix,Concluída
3700,327,7,2025-08-21,Boleto,Concluída
3701,833,17,2025-10-02,Pix,Concluída
3702,931,15,2025-07-28,Transferência,Concluída
3703,508,5,2025-04-18,Pix,Concluída
3704,186,16,2025-04-28,Cartão,Concluída
3705,79,8,2025-04-07,Pix,Cancelada
3706,767,1,2025-05-26,Transferência,Concluída
3707,955,7,2025-02-16,Transferência,Concluída
3708,136,2,2025-08-06,Transferência,Concluída
3709,334,14,2025-10-31,Cartão,Concluída
3710,389,20,2025-08-05,Transferência,Devolvida
3711,707,13,2025-06-29,Transferência,Concluída
3712,731,16,2025-03-13,Pix,Concluída
3713,234,1,2025-01-19,Cartão,Concluída
3714,390,6,2025-05-25,Boleto,Concluída
3715,555,14,2025-06-16,Transferência,Concluída
3716,348,3,2025-05-26,Transferência,Concluída
3717,835,6,2025-02-04,Pix,Concluída
3718,761,15,2025-07-08,Boleto,Concluída
3719,130,11,2025-11-08,Pix,Concluída
3720,958,19,2025-09-20,Boleto,Concluída
3721,266,3,2025-05-01,Transferência,Cancelada
3722,950,7,2025-01-06,Transferência,Concluída
3723,672,8,2025-09-10,Cartão,Concluída
3724,107,17,2025-10-27,Cartão,Concluída
3725,225,7,2025-01-24,Pix,Concluída
3726,19,17,2025-03-20,Transferência,Concluída
3727,608,14,2025-09-14,Transferência,Concluída
3728,708,19,2025-04-06,Transferência,Concluída
3729,930,12,2025-05-11,Cartão,Concluída
3730,366,17,2025-07-12,Pix,Concluída
3731,864,7,2025-11-30,Cartão,Cancelada
3732,383,17,2025-12-08,Pix,Concluída
3733,534,11,2025-06-30,Cartão,Concluída
3734,766,11,2025-08-14,Cartão,Concluída
3735,449,9,2025-04-21,Boleto,Concluída
3736,809,1,2025-02-26,Cartão,Concluída
3737,138,16,2025-12-25,Transferência,Concluída
3738,695,2,2025-03-04,Boleto,Concluída
3739,869,11,2025-08-29,Boleto,Concluída
3740,559,3,2025-05-25,Transferência,Concluída
3741,574,5,2025-08-28,Cartão,Concluída
3742,325,9,2025-08-30,Transferência,Concluída
3743,897,20,2025-10-04,Transferência,Concluída
3744,106,5,2025-02-25,Boleto,Concluída
3745,853,11,2025-10-04,Transferência,Concluída
3746,377,19,2025-01-17,Cartão,Concluída
3747,39,1,2025-05-25,Pix,Concluída
3748,342,15,2025-07-28,Pix,Concluída
3749,996,13,2025-12-18,Cartão,Concluída
3750,533,3,2025-01-07,Cartão,Concluída
3751,907,7,2025-04-02,Boleto,Concluída
3752,535,17,2025-12-05,Pix,Concluída
3753,227,15,2025-02-18,Cartão,Concluída
3754,888,10,2025-01-17,Transferência,Cancelada
3755,937,6,2025-03-18,Transferência,Concluída
3756,87,8,2025-04-08,Pix,Concluída
3757,285,5,2025-10-21,Boleto,Concluída
3758,307,9,2025-12-15,Pix,Concluída
3759,57,9,2025-03-04,Cartão,Concluída
3760,763,19,2025-07-10,Pix,Concluída
3761,162,4,2025-04-22,Cartão,Concluída
3762,348,8,2025-12-16,Pix,Concluída
3763,679,6,2025-12-05,Pix,Concluída
3764,890,3,2025-09-06,Cartão,Concluída
3765,873,4,2025-02-25,Boleto,Concluída
3766,947,1,2025-06-04,Cartão,Concluída
3767,150,1,2025-11-19,Cartão,Concluída
3768,654,5,2025-01-27,Boleto,Cancelada
3769,100,8,2025-01-12,Transferência,Concluída
3770,826,2,2025-08-23,Cartão,Concluída
3771,988,18,2025-08-12,Cartão,Concluída
3772,719,12,2025-05-28,Boleto,Concluída
3773,400,17,2025-12-03,Boleto,Concluída
3774,134,6,2025-06-25,Boleto,Concluída
3775,150,19,2025-03-05,Transferência,Concluída
3776,730,6,2025-01-26,Boleto,Concluída
3777,54,11,2025-10-03,Transferência,Concluída
3778,897,10,2025-12-29,Boleto,Concluída
3779,926,9,2025-03-09,Cartão,Concluída
3780,929,20,2025-07-30,Cartão,Cancelada
3781,663,11,2025-01-12,Boleto,Concluída
3782,124,17,2025-10-30,Boleto,Cancelada
3783,303,7,2025-04-14,Pix,Concluída
3784,683,12,2025-06-18,Transferência,Concluída
3785,104,13,2025-03-04,Boleto,Concluída
3786,471,19,2025-07-19,Cartão,Concluída
3787,292,15,2025-08-18,Boleto,Concluída
3788,758,2,2025-03-01,Transferência,Concluída
3789,524,10,2025-07-15,Transferência,Concluída
3790,134,18,2025-08-09,Cartão,Concluída
3791,446,14,2025-08-23,Pix,Concluída
3792,716,14,2025-07-30,Transferência,Concluída
3793,405,4,2025-12-04,Cartão,Cancelada
3794,609,3,2025-08-22,Boleto,Concluída
3795,648,8,2025-03-01,Transferência,Concluída
3796,315,20,2025-10-08,Boleto,Concluída
3797,304,9,2025-02-20,Pix,Concluída
3798,21,17,2025-10-15,Boleto,Concluída
3799,615,20,2025-03-14,Cartão,Concluída
3800,606,20,2025-06-15,Transferência,Concluída
3801,456,17,2025-03-29,Boleto,Concluída
3802,204,18,2025-06-30,Cartão,Concluída
3803,158,20,2025-04-01,Boleto,Concluída
3804,225,18,2025-08-06,Transferência,Concluída
3805,408,19,2025-12-26,Transferência,Concluída
3806,477,10,2025-05-16,Boleto,Concluída
3807,219,3,2025-04-03,Pix,Concluída
3808,556,3,2025-07-30,Pix,Concluída
3809,737,20,2025-06-25,Pix,Cancelada
3810,67,10,2025-05-07,Transferência,Concluída
3811,27,16,2025-04-17,Pix,Concluída
3812,520,11,2025-01-09,Cartão,Concluída
3813,974,16,2025-11-18,Cartão,Concluída
3814,357,10,2025-12-18,Boleto,Concluída
3815,781,14,2025-01-05,Boleto,Concluída
3816,539,19,2025-06-03,Cartão,Concluída
3817,938,3,2025-12-19,Transferência,Concluída
3818,7,18,2025-08-18,Boleto,Concluída
3819,65,9,2025-02-23,Transferência,Concluída
3820,868,8,2025-06-21,Transferência,Concluída
3821,626,19,2025-09-17,Boleto,Concluída
3822,526,7,2025-12-20,Transferência,Concluída
3823,284,15,2025-12-29,Cartão,Concluída
3824,763,15,2025-02-03,Boleto,Concluída
3825,453,15,2025-03-03,Cartão,Concluída
3826,52,20,2025-07-25,Transferência,Concluída
3827,231,11,2025-12-05,Transferência,Concluída
3828,780,12,2025-11-18,Cartão,Concluída
3829,815,7,2025-04-14,Cartão,Concluída
3830,294,18,2025-10-20,Cartão,Concluída
3831,366,20,2025-10-25,Cartão,Concluída
3832,837,9,2025-12-27,Cartão,Concluída
3833,893,5,2025-06-30,Cartão,Concluída
3834,376,14,2025-11-26,Transferência,Concluída
3835,931,17,2025-09-28,Cartão,Cancelada
3836,414,20,2025-02-24,Pix,Concluída
3837,531,9,2025-01-30,Transferência,Concluída
3838,412,6,2025-02-24,Pix,Concluída
3839,585,10,2025-01-23,Boleto,Concluída
3840,85,2,2025-03-14,Boleto,Concluída
3841,889,9,2025-08-30,Pix,Concluída
3842,398,19,2025-03-25,Transferência,Concluída
3843,448,8,2025-01-16,Transferência,Concluída
3844,197,12,2025-10-30,Cartão,Concluída
3845,916,4,2025-11-08,Transferência,Concluída
3846,382,11,2025-05-27,Pix,Concluída
3847,871,6,2025-11-25,Pix,Concluída
3848,938,1,2025-01-01,Boleto,Concluída
3849,705,19,2025-06-26,Transferência,Concluída
3850,930,19,2025-06-11,Boleto,Concluída
3851,736,17,2025-07-11,Boleto,Concluída
3852,590,12,2025-05-01,Transferência,Concluída
3853,211,16,2025-05-18,Transferência,Concluída
3854,302,10,2025-09-06,Boleto,Concluída
3855,336,4,2025-06-20,Boleto,Concluída
3856,959,20,2025-11-18,Cartão,Concluída
3857,121,12,2025-05-29,Pix,Concluída
3858,566,16,2025-06-30,Pix,Concluída
3859,762,7,2025-01-04,Cartão,Concluída
3860,631,17,2025-05-04,Pix,Concluída
3861,644,6,2025-03-28,Transferência,Cancelada
3862,435,8,2025-08-01,Pix,Concluída
3863,71,3,2025-10-04,Pix,Concluída
3864,146,6,2025-02-14,Boleto,Concluída
3865,822,9,2025-06-20,Pix,Concluída
3866,711,3,2025-06-15,Boleto,Concluída
3867,860,3,2025-02-28,Transferência,Concluída
3868,292,20,2025-05-04,Pix,Concluída
3869,837,6,2025-08-28,Cartão,Concluída
3870,793,19,2025-02-05,Cartão,Concluída
3871,566,3,2025-02-21,Boleto,Concluída
3872,473,3,2025-01-30,Transferência,Concluída
3873,34,8,2025-01-11,Cartão,Concluída
3874,575,13,2025-03-01,Pix,Concluída
3875,336,11,2025-02-01,Transferência,Cancelada
3876,790,7,2025-11-02,Pix,Concluída
3877,695,15,2025-02-15,Boleto,Concluída
3878,682,17,2025-11-25,Cartão,Concluída
3879,419,13,2025-12-08,Pix,Concluída
3880,769,20,2025-08-22,Transferência,Concluída
3881,451,8,2025-01-17,Pix,Concluída
3882,541,12,2025-06-12,Cartão,Concluída
3883,124,12,2025-07-13,Pix,Concluída
3884,528,8,2025-09-19,Transferência,Concluída
3885,730,16,2025-06-10,Transferência,Concluída
3886,460,5,2025-07-08,Pix,Concluída
3887,113,1,2025-11-21,Pix,Concluída
3888,88,17,2025-09-19,Transferência,Concluída
3889,549,6,2025-08-03,Pix,Concluída
3890,746,8,2025-06-10,Pix,Concluída
3891,985,7,2025-10-11,Transferência,Cancelada
3892,586,15,2025-07-28,Cartão,Concluída
3893,82,4,2025-06-10,Transferência,Cancelada
3894,185,15,2025-03-01,Pix,Concluída
3895,199,14,2025-06-03,Transferência,Concluída
3896,946,3,2025-12-23,Pix,Concluída
3897,164,19,2025-08-20,Transferência,Concluída
3898,834,8,2025-04-07,Transferência,Concluída
3899,580,14,2025-10-04,Transferência,Concluída
3900,512,4,2025-09-06,Transferência,Concluída
3901,741,9,2025-08-29,Cartão,Concluída
3902,393,18,2025-01-22,Pix,Concluída
3903,719,11,2025-11-07,Pix,Concluída
3904,119,3,2025-09-28,Pix,Concluída
3905,220,18,2025-05-16,Cartão,Concluída
3906,520,11,2025-11-11,Pix,Concluída
3907,155,16,2025-09-06,Pix,Concluída
3908,515,4,2025-02-11,Transferência,Concluída
3909,677,16,2025-07-16,Cartão,Concluída
3910,955,16,2025-03-18,Cartão,Concluída
3911,457,11,2025-07-12,Transferência,Concluída
3912,86,19,2025-12-30,Boleto,Concluída
3913,165,5,2025-09-20,Cartão,Concluída
3914,621,6,2025-11-09,Transferência,Concluída
3915,439,18,2025-04-07,Cartão,Concluída
3916,654,8,2025-09-10,Boleto,Concluída
3917,886,13,2025-06-18,Pix,Concluída
3918,454,2,2025-07-01,Pix,Concluída
3919,344,18,2025-06-06,Pix,Concluída
3920,958,5,2025-03-09,Pix,Concluída
3921,493,1,2025-11-16,Transferência,Concluída
3922,780,11,2025-10-21,Pix,Concluída
3923,882,7,2025-06-13,Cartão,Concluída
3924,763,13,2025-04-08,Cartão,Concluída
3925,775,1,2025-07-22,Cartão,Concluída
3926,387,13,2025-06-08,Pix,Concluída
3927,849,9,2025-07-31,Cartão,Concluída
3928,540,1,2025-01-02,Transferência,Concluída
3929,14,17,2025-09-16,Boleto,Devolvida
3930,847,1,2025-07-06,Cartão,Concluída
3931,895,9,2025-03-24,Cartão,Concluída
3932,504,5,2025-10-14,Cartão,Concluída
3933,717,2,2025-10-25,Transferência,Concluída
3934,169,16,2025-02-10,Transferência,Concluída
3935,1000,15,2025-07-10,Boleto,Concluída
3936,76,13,2025-02-11,Transferência,Concluída
3937,217,17,2025-11-11,Pix,Concluída
3938,130,6,2025-12-11,Cartão,Concluída
3939,18,4,2025-05-13,Boleto,Concluída
3940,13,13,2025-02-25,Cartão,Concluída
3941,255,4,2025-08-11,Transferência,Concluída
3942,114,4,2025-08-17,Transferência,Concluída
3943,701,13,2025-11-25,Boleto,Concluída
3944,285,18,2025-04-04,Boleto,Concluída
3945,371,6,2025-12-12,Pix,Concluída
3946,978,11,2025-03-23,Transferência,Concluída
3947,466,19,2025-10-09,Pix,Concluída
3948,206,2,2025-09-06,Pix,Concluída
3949,370,7,2025-04-03,Boleto,Concluída
3950,821,14,2025-03-24,Pix,Concluída
3951,730,14,2025-06-15,Transferência,Concluída
3952,805,10,2025-03-03,Cartão,Concluída
3953,7,19,2025-09-29,Boleto,Concluída
3954,852,10,2025-11-27,Cartão,Concluída
3955,550,2,2025-05-04,Transferência,Concluída
3956,70,13,2025-02-13,Pix,Concluída
3957,968,11,2025-06-22,Transferência,Concluída
3958,426,8,2025-05-17,Pix,Concluída
3959,183,13,2025-05-12,Boleto,Concluída
3960,117,11,2025-11-10,Boleto,Concluída
3961,64,13,2025-01-16,Cartão,Concluída
3962,836,11,2025-01-17,Pix,Concluída
3963,8,10,2025-12-20,Transferência,Concluída
3964,318,14,2025-07-30,Boleto,Concluída
3965,539,10,2025-09-13,Transferência,Concluída
3966,955,15,2025-03-12,Pix,Concluída
3967,173,13,2025-11-19,Cartão,Devolvida
3968,262,14,2025-01-15,Pix,Concluída
3969,372,10,2025-09-05,Transferência,Concluída
3970,956,6,2025-01-09,Pix,Concluída
3971,681,19,2025-04-18,Transferência,Concluída
3972,546,18,2025-09-06,Transferência,Concluída
3973,589,15,2025-07-07,Pix,Concluída
3974,52,5,2025-08-11,Transferência,Concluída
3975,456,11,2025-04-30,Boleto,Concluída
3976,286,6,2025-11-30,Boleto,Concluída
3977,382,15,2025-01-19,Pix,Cancelada
3978,953,16,2025-04-29,Transferência,Concluída
3979,394,16,2025-12-14,Cartão,Concluída
3980,32,20,2025-11-03,Pix,Concluída
3981,100,1,2025-04-08,Pix,Concluída
3982,941,13,2025-04-26,Boleto,Concluída
3983,49,1,2025-04-08,Cartão,Concluída
3984,220,14,2025-09-27,Transferência,Concluída
3985,855,12,2025-07-06,Boleto,Concluída
3986,455,10,2025-04-04,Boleto,Concluída
3987,258,1,2025-02-03,Boleto,Concluída
3988,142,7,2025-01-17,Pix,Concluída
3989,153,8,2025-10-20,Pix,Concluída
3990,581,6,2025-09-18,Cartão,Concluída
3991,909,10,2025-11-15,Pix,Concluída
3992,712,15,2025-03-17,Transferência,Concluída
3993,397,7,2025-12-13,Transferência,Concluída
3994,281,11,2025-07-28,Boleto,Concluída
3995,431,17,2025-04-06,Cartão,Concluída
3996,396,15,2025-06-02,Transferência,Concluída
3997,105,16,2025-11-06,Boleto,Concluída
3998,820,13,2025-05-08,Cartão,Devolvida
3999,82,4,2025-02-12,Pix,Concluída
4000,278,3,2025-08-10,Cartão,Concluída
4001,792,20,2025-08-16,Pix,Concluída
4002,287,1,2025-06-15,Boleto,Concluída
4003,387,17,2025-09-01,Transferência,Concluída
4004,998,17,2025-08-22,Pix,Concluída
4005,240,7,2025-10-16,Pix,Concluída
4006,155,16,2025-09-07,Transferência,Concluída
4007,166,14,2025-12-05,Transferência,Concluída
4008,766,13,2025-03-14,Transferência,Devolvida
4009,46,5,2025-11-10,Transferência,Concluída
4010,607,2,2025-02-08,Boleto,Concluída
4011,756,10,2025-04-18,Cartão,Concluída
4012,869,2,2025-03-15,Pix,Concluída
4013,24,18,2025-09-11,Boleto,Concluída
4014,340,16,2025-08-01,Boleto,Concluída
4015,77,14,2025-01-26,Cartão,Concluída
4016,235,9,2025-02-19,Pix,Concluída
4017,156,4,2025-12-21,Cartão,Concluída
4018,552,13,2025-10-17,Pix,Concluída
4019,779,8,2025-06-12,Boleto,Cancelada
4020,644,5,2025-05-28,Cartão,Concluída
4021,340,10,2025-02-05,Pix,Concluída
4022,159,13,2025-02-16,Boleto,Concluída
4023,484,14,2025-05-29,Transferência,Cancelada
4024,207,16,2025-03-16,Pix,Devolvida
4025,572,18,2025-07-27,Transferência,Concluída
4026,826,16,2025-01-20,Boleto,Concluída
4027,579,11,2025-11-23,Pix,Concluída
4028,651,19,2025-12-18,Pix,Concluída
4029,509,15,2025-12-17,Transferência,Concluída
4030,142,7,2025-10-22,Boleto,Concluída
4031,792,2,2025-07-03,Pix,Concluída
4032,100,2,2025-04-30,Boleto,Concluída
4033,421,16,2025-09-03,Transferência,Concluída
4034,647,15,2025-01-19,Boleto,Concluída
4035,974,11,2025-09-10,Pix,Concluída
4036,384,2,2025-08-08,Transferência,Concluída
4037,409,12,2025-01-26,Boleto,Concluída
4038,283,17,2025-03-14,Cartão,Concluída
4039,361,7,2025-08-08,Cartão,Concluída
4040,805,3,2025-02-23,Cartão,Concluída
4041,907,8,2025-08-03,Transferência,Concluída
4042,373,4,2025-04-30,Pix,Concluída
4043,103,5,2025-04-26,Transferência,Concluída
4044,521,12,2025-02-04,Pix,Concluída
4045,555,3,2025-06-09,Boleto,Concluída
4046,351,9,2025-08-10,Cartão,Concluída
4047,310,9,2025-02-10,Pix,Concluída
4048,331,7,2025-09-24,Cartão,Concluída
4049,78,12,2025-12-22,Boleto,Concluída
4050,227,5,2025-08-15,Boleto,Concluída
4051,982,20,2025-10-27,Cartão,Concluída
4052,422,15,2025-02-02,Boleto,Concluída
4053,543,19,2025-02-01,Boleto,Concluída
4054,546,7,2025-03-16,Pix,Cancelada
4055,94,19,2025-08-22,Pix,Concluída
4056,448,11,2025-03-14,Pix,Concluída
4057,896,20,2025-10-07,Transferência,Concluída
4058,38,9,2025-05-06,Pix,Concluída
4059,978,3,2025-06-11,Cartão,Concluída
4060,924,19,2025-03-15,Boleto,Concluída
4061,699,2,2025-09-04,Cartão,Concluída
4062,13,18,2025-05-26,Transferência,Concluída
4063,899,11,2025-09-16,Transferência,Concluída
4064,467,1,2025-12-13,Transferência,Concluída
4065,126,19,2025-10-23,Boleto,Concluída
4066,226,10,2025-01-25,Cartão,Concluída
4067,125,17,2025-10-02,Transferência,Concluída
4068,855,8,2025-11-04,Cartão,Concluída
4069,488,14,2025-01-26,Cartão,Concluída
4070,524,12,2025-09-26,Transferência,Cancelada
4071,41,19,2025-05-31,Transferência,Concluída
4072,640,12,2025-02-06,Pix,Concluída
4073,562,4,2025-03-29,Transferência,Concluída
4074,372,14,2025-03-07,Cartão,Concluída
4075,944,10,2025-11-25,Pix,Concluída
4076,874,18,2025-04-11,Cartão,Concluída
4077,642,16,2025-02-03,Transferência,Concluída
4078,677,4,2025-12-22,Cartão,Concluída
4079,616,6,2025-12-14,Boleto,Cancelada
4080,423,3,2025-08-27,Pix,Concluída
4081,777,7,2025-12-09,Pix,Concluída
4082,706,9,2025-03-03,Cartão,Concluída
4083,766,13,2025-05-25,Boleto,Concluída
4084,524,16,2025-11-08,Cartão,Concluída
4085,26,20,2025-10-10,Boleto,Concluída
4086,725,11,2025-09-14,Pix,Concluída
4087,256,1,2025-09-16,Pix,Concluída
4088,850,3,2025-02-23,Cartão,Concluída
4089,687,1,2025-08-06,Pix,Concluída
4090,400,16,2025-05-17,Transferência,Concluída
4091,910,16,2025-02-12,Transferência,Concluída
4092,708,13,2025-05-10,Cartão,Concluída
4093,628,14,2025-01-01,Cartão,Concluída
4094,525,5,2025-05-09,Pix,Concluída
4095,351,6,2025-06-24,Transferência,Concluída
4096,39,15,2025-05-04,Cartão,Concluída
4097,563,12,2025-11-18,Cartão,Concluída
4098,137,16,2025-01-21,Boleto,Concluída
4099,738,20,2025-01-27,Transferência,Concluída
4100,804,19,2025-05-18,Boleto,Concluída
4101,991,20,2025-02-25,Transferência,Concluída
4102,183,2,2025-07-29,Cartão,Concluída
4103,446,12,2025-12-12,Boleto,Concluída
4104,250,2,2025-12-07,Pix,Concluída
4105,293,6,2025-04-10,Boleto,Concluída
4106,963,3,2025-12-19,Transferência,Concluída
4107,566,17,2025-08-26,Boleto,Concluída
4108,280,1,2025-12-12,Cartão,Concluída
4109,290,17,2025-10-02,Boleto,Concluída
4110,935,2,2025-05-19,Pix,Concluída
4111,882,1,2025-05-19,Pix,Concluída
4112,326,12,2025-09-06,Boleto,Concluída
4113,76,4,2025-04-23,Transferência,Concluída
4114,979,9,2025-06-29,Cartão,Concluída
4115,656,7,2025-01-22,Pix,Concluída
4116,74,8,2025-10-29,Pix,Concluída
4117,31,6,2025-09-04,Boleto,Concluída
4118,205,17,2025-08-05,Transferência,Concluída
4119,855,7,2025-06-23,Pix,Concluída
4120,902,11,2025-08-31,Transferência,Concluída
4121,469,19,2025-10-19,Boleto,Concluída
4122,313,14,2025-06-29,Pix,Concluída
4123,854,1,2025-11-25,Cartão,Concluída
4124,304,17,2025-06-11,Pix,Concluída
4125,23,17,2025-06-12,Transferência,Cancelada
4126,757,5,2025-01-14,Transferência,Concluída
4127,631,7,2025-05-09,Cartão,Concluída
4128,98,15,2025-09-02,Boleto,Concluída
4129,27,1,2025-04-18,Pix,Concluída
4130,503,6,2025-02-04,Cartão,Concluída
4131,669,10,2025-10-13,Transferência,Concluída
4132,801,18,2025-09-13,Boleto,Concluída
4133,903,16,2025-08-04,Cartão,Concluída
4134,363,11,2025-05-02,Cartão,Concluída
4135,258,8,2025-03-07,Transferência,Concluída
4136,692,14,2025-01-16,Boleto,Concluída
4137,823,13,2025-10-26,Transferência,Concluída
4138,343,16,2025-03-24,Pix,Concluída
4139,976,18,2025-08-12,Pix,Concluída
4140,206,8,2025-07-17,Cartão,Devolvida
4141,825,8,2025-08-10,Boleto,Concluída
4142,772,9,2025-05-27,Transferência,Concluída
4143,919,16,2025-02-19,Boleto,Concluída
4144,339,15,2025-07-25,Pix,Concluída
4145,367,13,2025-04-20,Boleto,Concluída
4146,868,12,2025-06-07,Transferência,Concluída
4147,898,6,2025-10-10,Transferência,Concluída
4148,108,15,2025-09-20,Transferência,Concluída
4149,48,5,2025-01-07,Transferência,Concluída
4150,878,15,2025-07-14,Cartão,Cancelada
4151,6,9,2025-06-30,Transferência,Concluída
4152,440,11,2025-04-01,Cartão,Concluída
4153,807,2,2025-03-19,Transferência,Concluída
4154,17,3,2025-02-07,Pix,Devolvida
4155,752,10,2025-10-27,Transferência,Concluída
4156,145,3,2025-03-27,Pix,Concluída
4157,825,15,2025-11-19,Transferência,Concluída
4158,379,16,2025-10-19,Pix,Concluída
4159,74,5,2025-01-01,Transferência,Concluída
4160,136,17,2025-01-10,Transferência,Concluída
4161,124,13,2025-04-11,Transferência,Concluída
4162,106,12,2025-04-10,Cartão,Concluída
4163,109,20,2025-05-14,Transferência,Concluída
4164,722,18,2025-06-26,Cartão,Concluída
4165,569,13,2025-05-01,Cartão,Concluída
4166,34,17,2025-06-15,Transferência,Cancelada
4167,120,3,2025-09-16,Cartão,Concluída
4168,138,13,2025-03-30,Transferência,Cancelada
4169,37,13,2025-03-16,Pix,Concluída
4170,754,7,2025-08-09,Cartão,Concluída
4171,248,3,2025-09-08,Pix,Concluída
4172,440,5,2025-05-12,Transferência,Concluída
4173,658,16,2025-01-29,Transferência,Concluída
4174,686,8,2025-12-20,Transferência,Concluída
4175,94,18,2025-10-30,Boleto,Concluída
4176,357,1,2025-07-15,Pix,Concluída
4177,108,8,2025-06-08,Boleto,Concluída
4178,709,5,2025-12-07,Boleto,Concluída
4179,73,17,2025-06-07,Cartão,Concluída
4180,391,1,2025-07-16,Transferência,Concluída
4181,319,16,2025-03-13,Transferência,Concluída
4182,898,11,2025-11-24,Transferência,Concluída
4183,620,17,2025-03-11,Transferência,Concluída
4184,903,6,2025-11-15,Pix,Cancelada
4185,846,11,2025-02-25,Pix,Concluída
4186,816,18,2025-08-29,Transferência,Concluída
4187,749,11,2025-05-15,Boleto,Concluída
4188,773,10,2025-08-08,Pix,Concluída
4189,311,4,2025-12-22,Cartão,Concluída
4190,153,2,2025-01-06,Cartão,Concluída
4191,73,13,2025-02-04,Pix,Concluída
4192,433,13,2025-11-10,Transferência,Concluída
4193,71,3,2025-08-24,Boleto,Concluída
4194,650,3,2025-07-06,Transferência,Concluída
4195,658,18,2025-04-22,Cartão,Concluída
4196,937,12,2025-07-21,Pix,Concluída
4197,963,13,2025-09-20,Boleto,Concluída
4198,59,14,2025-05-28,Pix,Concluída
4199,268,6,2025-10-02,Pix,Concluída
4200,781,10,2025-11-02,Cartão,Concluída
4201,212,16,2025-06-30,Cartão,Concluída
4202,606,9,2025-07-16,Transferência,Cancelada
4203,338,16,2025-12-06,Transferência,Concluída
4204,703,14,2025-01-07,Cartão,Concluída
4205,691,7,2025-04-24,Cartão,Concluída
4206,81,9,2025-01-20,Transferência,Concluída
4207,474,13,2025-10-28,Transferência,Concluída
4208,835,8,2025-03-08,Transferência,Concluída
4209,831,9,2025-10-21,Cartão,Concluída
4210,5,5,2025-10-16,Cartão,Concluída
4211,239,13,2025-05-13,Transferência,Concluída
4212,582,13,2025-10-07,Cartão,Concluída
4213,11,9,2025-04-21,Pix,Concluída
4214,828,6,2025-12-14,Boleto,Concluída
4215,26,13,2025-06-17,Boleto,Concluída
4216,962,7,2025-04-03,Boleto,Concluída
4217,850,18,2025-03-03,Boleto,Concluída
4218,469,12,2025-11-23,Cartão,Concluída
4219,689,18,2025-07-29,Pix,Concluída
4220,627,14,2025-09-13,Transferência,Devolvida
4221,458,1,2025-07-24,Transferência,Concluída
4222,738,9,2025-08-05,Transferência,Concluída
4223,263,19,2025-02-16,Cartão,Cancelada
4224,671,19,2025-05-12,Cartão,Concluída
4225,660,18,2025-01-07,Transferência,Concluída
4226,976,4,2025-10-09,Boleto,Cancelada
4227,495,7,2025-09-24,Pix,Concluída
4228,103,11,2025-05-14,Pix,Concluída
4229,279,14,2025-02-08,Transferência,Concluída
4230,722,13,2025-08-17,Boleto,Concluída
4231,959,10,2025-08-26,Transferência,Concluída
4232,487,13,2025-07-03,Cartão,Concluída
4233,305,15,2025-03-05,Pix,Concluída
4234,294,11,2025-11-26,Cartão,Concluída
4235,519,1,2025-07-31,Transferência,Concluída
4236,129,14,2025-05-04,Transferência,Concluída
4237,919,20,2025-08-11,Transferência,Concluída
4238,876,15,2025-07-14,Cartão,Concluída
4239,262,19,2025-10-24,Cartão,Concluída
4240,579,14,2025-09-08,Transferência,Concluída
4241,610,3,2025-06-02,Cartão,Concluída
4242,575,17,2025-10-12,Cartão,Concluída
4243,944,8,2025-10-19,Pix,Concluída
4244,86,19,2025-03-19,Transferência,Concluída
4245,826,4,2025-08-28,Cartão,Concluída
4246,651,15,2025-03-10,Boleto,Concluída
4247,851,6,2025-07-07,Transferência,Concluída
4248,58,2,2025-08-01,Pix,Concluída
4249,738,7,2025-10-04,Pix,Concluída
4250,849,3,2025-10-23,Transferência,Concluída
4251,189,4,2025-06-17,Boleto,Concluída
4252,374,1,2025-12-01,Transferência,Concluída
4253,661,3,2025-03-30,Boleto,Concluída
4254,410,3,2025-05-03,Cartão,Concluída
4255,105,4,2025-01-16,Transferência,Cancelada
4256,72,3,2025-09-17,Pix,Devolvida
4257,25,14,2025-01-12,Pix,Concluída
4258,745,16,2025-10-12,Boleto,Cancelada
4259,827,14,2025-01-02,Transferência,Concluída
4260,652,17,2025-08-26,Cartão,Concluída
4261,4,6,2025-10-19,Boleto,Concluída
4262,860,18,2025-10-18,Transferência,Concluída
4263,575,10,2025-06-02,Cartão,Concluída
4264,96,8,2025-04-28,Pix,Devolvida
4265,637,11,2025-07-12,Cartão,Concluída
4266,596,11,2025-09-15,Cartão,Concluída
4267,52,1,2025-12-22,Boleto,Concluída
4268,289,10,2025-04-29,Cartão,Concluída
4269,136,16,2025-07-31,Pix,Concluída
4270,792,6,2025-06-16,Transferência,Concluída
4271,281,5,2025-01-05,Transferência,Concluída
4272,716,18,2025-06-08,Boleto,Concluída
4273,549,10,2025-01-07,Boleto,Concluída
4274,870,12,2025-12-30,Boleto,Concluída
4275,629,12,2025-01-21,Boleto,Cancelada
4276,47,14,2025-10-10,Cartão,Concluída
4277,374,16,2025-12-03,Cartão,Concluída
4278,563,10,2025-08-22,Cartão,Concluída
4279,698,1,2025-08-05,Transferência,Cancelada
4280,459,3,2025-02-25,Transferência,Concluída
4281,958,4,2025-05-26,Boleto,Concluída
4282,749,4,2025-08-31,Cartão,Concluída
4283,230,15,2025-10-13,Boleto,Concluída
4284,951,14,2025-04-12,Transferência,Concluída
4285,709,13,2025-03-10,Cartão,Concluída
4286,839,3,2025-05-27,Pix,Concluída
4287,555,5,2025-06-26,Pix,Concluída
4288,253,12,2025-03-11,Pix,Concluída
4289,320,6,2025-04-04,Boleto,Concluída
4290,790,5,2025-12-20,Pix,Cancelada
4291,322,20,2025-07-21,Pix,Concluída
4292,861,2,2025-10-16,Boleto,Concluída
4293,589,9,2025-04-11,Boleto,Concluída
4294,669,13,2025-12-22,Boleto,Concluída
4295,359,8,2025-07-17,Transferência,Cancelada
4296,725,14,2025-04-30,Boleto,Concluída
4297,54,14,2025-05-27,Boleto,Concluída
4298,624,4,2025-07-27,Boleto,Concluída
4299,439,9,2025-05-25,Cartão,Concluída
4300,733,3,2025-05-29,Transferência,Concluída
4301,781,17,2025-10-07,Boleto,Concluída
4302,548,3,2025-01-28,Transferência,Concluída
4303,128,9,2025-01-03,Boleto,Concluída
4304,617,5,2025-03-01,Transferência,Concluída
4305,533,5,2025-03-17,Cartão,Concluída
4306,412,12,2025-08-14,Transferência,Concluída
4307,402,14,2025-04-19,Boleto,Concluída
4308,223,17,2025-02-09,Boleto,Cancelada
4309,91,12,2025-04-15,Boleto,Concluída
4310,687,7,2025-06-04,Boleto,Concluída
4311,696,19,2025-09-19,Transferência,Concluída
4312,692,1,2025-02-05,Cartão,Concluída
4313,78,6,2025-03-21,Transferência,Concluída
4314,611,2,2025-02-09,Cartão,Concluída
4315,19,6,2025-06-23,Boleto,Concluída
4316,870,19,2025-11-10,Boleto,Concluída
4317,418,20,2025-03-04,Cartão,Concluída
4318,634,18,2025-09-15,Cartão,Concluída
4319,560,16,2025-10-01,Pix,Concluída
4320,157,11,2025-08-26,Pix,Concluída
4321,954,12,2025-06-04,Boleto,Concluída
4322,858,15,2025-10-06,Boleto,Cancelada
4323,738,8,2025-04-12,Pix,Concluída
4324,978,3,2025-06-30,Boleto,Concluída
4325,523,15,2025-10-16,Pix,Concluída
4326,506,11,2025-11-09,Transferência,Concluída
4327,316,9,2025-09-06,Transferência,Concluída
4328,632,13,2025-06-14,Transferência,Concluída
4329,516,6,2025-03-13,Transferência,Concluída
4330,701,9,2025-05-18,Pix,Concluída
4331,143,15,2025-11-22,Cartão,Concluída
4332,343,17,2025-11-21,Pix,Concluída
4333,220,17,2025-05-25,Cartão,Concluída
4334,783,11,2025-01-23,Cartão,Concluída
4335,418,10,2025-11-26,Transferência,Concluída
4336,903,12,2025-09-06,Boleto,Concluída
4337,589,2,2025-08-11,Boleto,Concluída
4338,449,9,2025-11-10,Pix,Devolvida
4339,34,7,2025-02-28,Boleto,Concluída
4340,972,1,2025-08-19,Boleto,Concluída
4341,698,4,2025-06-07,Boleto,Concluída
4342,639,4,2025-05-28,Pix,Concluída
4343,442,1,2025-11-07,Cartão,Concluída
4344,930,12,2025-12-24,Cartão,Concluída
4345,858,14,2025-09-08,Cartão,Concluída
4346,725,13,2025-02-09,Pix,Concluída
4347,948,10,2025-01-04,Boleto,Cancelada
4348,74,18,2025-02-04,Pix,Concluída
4349,575,15,2025-07-23,Pix,Concluída
4350,111,12,2025-07-13,Transferência,Concluída
4351,971,4,2025-09-16,Pix,Concluída
4352,333,6,2025-07-19,Pix,Concluída
4353,269,12,2025-08-10,Boleto,Concluída
4354,135,13,2025-04-25,Transferência,Concluída
4355,224,20,2025-02-12,Cartão,Concluída
4356,932,18,2025-08-31,Boleto,Concluída
4357,176,20,2025-09-05,Transferência,Concluída
4358,454,4,2025-10-02,Boleto,Concluída
4359,298,6,2025-09-18,Transferência,Concluída
4360,402,4,2025-01-22,Pix,Concluída
4361,308,1,2025-05-29,Transferência,Concluída
4362,233,4,2025-08-05,Boleto,Concluída
4363,273,5,2025-05-27,Pix,Concluída
4364,338,6,2025-09-10,Transferência,Concluída
4365,112,18,2025-07-31,Boleto,Concluída
4366,984,17,2025-12-12,Transferência,Concluída
4367,139,12,2025-02-12,Transferência,Concluída
4368,67,9,2025-01-06,Boleto,Concluída
4369,98,4,2025-11-27,Cartão,Concluída
4370,246,11,2025-09-22,Boleto,Concluída
4371,535,4,2025-06-12,Boleto,Concluída
4372,985,18,2025-05-14,Boleto,Concluída
4373,759,15,2025-08-26,Transferência,Concluída
4374,113,17,2025-09-26,Transferência,Concluída
4375,538,6,2025-12-18,Boleto,Concluída
4376,433,8,2025-04-07,Pix,Concluída
4377,479,2,2025-12-17,Cartão,Concluída
4378,354,10,2025-06-24,Pix,Concluída
4379,50,1,2025-09-07,Transferência,Concluída
4380,591,8,2025-05-07,Transferência,Concluída
4381,485,9,2025-03-07,Cartão,Concluída
4382,889,20,2025-08-02,Boleto,Concluída
4383,983,7,2025-11-15,Boleto,Concluída
4384,537,1,2025-09-27,Boleto,Concluída
4385,561,19,2025-05-13,Cartão,Concluída
4386,116,8,2025-06-03,Transferência,Concluída
4387,85,11,2025-11-10,Boleto,Concluída
4388,460,18,2025-02-21,Pix,Concluída
4389,861,8,2025-08-03,Transferência,Concluída
4390,358,15,2025-04-06,Boleto,Concluída
4391,141,20,2025-10-24,Pix,Concluída
4392,173,10,2025-09-11,Transferência,Concluída
4393,900,10,2025-02-21,Transferência,Concluída
4394,168,4,2025-02-01,Pix,Concluída
4395,92,8,2025-10-01,Cartão,Concluída
4396,332,5,2025-05-23,Cartão,Concluída
4397,73,14,2025-05-21,Boleto,Concluída
4398,133,4,2025-02-26,Pix,Concluída
4399,324,1,2025-02-05,Transferência,Concluída
4400,79,11,2025-04-25,Cartão,Concluída
4401,530,5,2025-03-22,Boleto,Concluída
4402,453,7,2025-01-03,Transferência,Concluída
4403,681,12,2025-12-05,Pix,Concluída
4404,116,5,2025-04-15,Transferência,Concluída
4405,574,6,2025-05-11,Cartão,Concluída
4406,230,10,2025-04-14,Boleto,Concluída
4407,627,9,2025-01-10,Transferência,Concluída
4408,141,17,2025-09-15,Boleto,Concluída
4409,275,1,2025-01-27,Pix,Concluída
4410,591,16,2025-08-31,Pix,Concluída
4411,686,5,2025-02-28,Transferência,Concluída
4412,913,7,2025-02-13,Cartão,Concluída
4413,268,12,2025-09-09,Transferência,Concluída
4414,742,8,2025-03-18,Cartão,Concluída
4415,412,2,2025-02-16,Boleto,Concluída
4416,664,2,2025-08-03,Boleto,Concluída
4417,298,18,2025-05-30,Transferência,Concluída
4418,604,2,2025-11-15,Pix,Concluída
4419,954,7,2025-03-01,Boleto,Concluída
4420,63,5,2025-02-19,Transferência,Concluída
4421,670,20,2025-01-14,Boleto,Concluída
4422,12,11,2025-07-31,Pix,Concluída
4423,930,3,2025-01-22,Pix,Concluída
4424,5,8,2025-03-11,Cartão,Concluída
4425,719,11,2025-07-24,Cartão,Concluída
4426,935,20,2025-11-22,Cartão,Concluída
4427,595,3,2025-01-03,Pix,Concluída
4428,589,18,2025-07-05,Pix,Cancelada
4429,340,1,2025-12-27,Boleto,Concluída
4430,126,11,2025-08-17,Transferência,Concluída
4431,728,14,2025-07-13,Cartão,Concluída
4432,992,6,2025-05-28,Boleto,Concluída
4433,750,20,2025-02-03,Cartão,Concluída
4434,50,4,2025-12-31,Boleto,Concluída
4435,921,4,2025-09-03,Pix,Concluída
4436,506,17,2025-08-03,Boleto,Concluída
4437,839,6,2025-03-17,Transferência,Concluída
4438,906,17,2025-05-31,Pix,Concluída
4439,27,5,2025-10-19,Cartão,Concluída
4440,127,19,2025-02-22,Boleto,Concluída
4441,463,13,2025-10-27,Boleto,Concluída
4442,711,9,2025-11-23,Boleto,Concluída
4443,737,11,2025-01-10,Boleto,Concluída
4444,848,13,2025-07-13,Boleto,Concluída
4445,432,2,2025-07-22,Transferência,Concluída
4446,728,11,2025-02-23,Boleto,Concluída
4447,990,18,2025-08-03,Boleto,Concluída
4448,652,1,2025-02-25,Pix,Concluída
4449,593,16,2025-03-15,Cartão,Concluída
4450,958,18,2025-05-10,Transferência,Concluída
4451,439,17,2025-06-04,Transferência,Concluída
4452,238,4,2025-12-15,Cartão,Concluída
4453,84,18,2025-09-01,Cartão,Concluída
4454,875,17,2025-10-20,Transferência,Concluída
4455,417,6,2025-11-28,Boleto,Concluída
4456,886,1,2025-07-23,Boleto,Devolvida
4457,877,15,2025-12-09,Cartão,Concluída
4458,532,12,2025-08-11,Cartão,Concluída
4459,345,4,2025-12-03,Transferência,Concluída
4460,373,18,2025-04-27,Pix,Concluída
4461,810,15,2025-11-18,Pix,Concluída
4462,470,7,2025-05-24,Boleto,Concluída
4463,624,10,2025-05-04,Pix,Concluída
4464,724,12,2025-04-07,Boleto,Concluída
4465,951,6,2025-08-05,Transferência,Concluída
4466,548,15,2025-09-15,Pix,Concluída
4467,159,1,2025-06-10,Boleto,Concluída
4468,981,10,2025-02-24,Boleto,Concluída
4469,515,7,2025-12-01,Boleto,Concluída
4470,473,13,2025-07-08,Boleto,Concluída
4471,724,20,2025-09-02,Pix,Concluída
4472,600,19,2025-10-19,Pix,Concluída
4473,891,19,2025-12-15,Pix,Concluída
4474,973,9,2025-10-15,Cartão,Cancelada
4475,498,2,2025-04-08,Boleto,Concluída
4476,645,17,2025-03-28,Pix,Concluída
4477,778,16,2025-05-29,Cartão,Concluída
4478,173,3,2025-04-21,Pix,Concluída
4479,997,17,2025-03-25,Transferência,Concluída
4480,366,11,2025-04-18,Boleto,Concluída
4481,441,18,2025-11-26,Pix,Concluída
4482,559,14,2025-11-01,Boleto,Concluída
4483,113,9,2025-03-15,Pix,Concluída
4484,807,5,2025-11-09,Pix,Concluída
4485,864,14,2025-01-30,Cartão,Concluída
4486,346,1,2025-05-02,Pix,Concluída
4487,308,14,2025-05-25,Cartão,Concluída
4488,561,19,2025-05-05,Cartão,Cancelada
4489,106,15,2025-02-09,Boleto,Concluída
4490,468,11,2025-11-20,Transferência,Concluída
4491,946,6,2025-08-14,Pix,Concluída
4492,6,8,2025-10-30,Boleto,Concluída
4493,774,3,2025-04-12,Transferência,Concluída
4494,70,3,2025-12-15,Cartão,Concluída
4495,173,19,2025-02-18,Boleto,Concluída
4496,368,10,2025-04-09,Boleto,Concluída
4497,710,20,2025-12-30,Pix,Concluída
4498,435,16,2025-10-31,Pix,Concluída
4499,782,2,2025-03-03,Transferência,Concluída
4500,9,1,2025-07-22,Boleto,Concluída
4501,900,19,2025-10-21,Transferência,Concluída
4502,454,14,2025-05-28,Cartão,Concluída
4503,709,11,2025-11-20,Pix,Concluída
4504,630,8,2025-05-24,Boleto,Concluída
4505,232,11,2025-07-22,Boleto,Concluída
4506,913,18,2025-07-20,Transferência,Concluída
4507,124,13,2025-01-16,Transferência,Concluída
4508,305,4,2025-11-21,Transferência,Concluída
4509,414,8,2025-03-11,Boleto,Concluída
4510,925,15,2025-05-14,Pix,Concluída
4511,66,19,2025-08-25,Boleto,Devolvida
4512,551,3,2025-04-24,Pix,Concluída
4513,34,6,2025-09-30,Cartão,Concluída
4514,145,6,2025-01-10,Transferência,Concluída
4515,521,3,2025-02-15,Transferência,Concluída
4516,537,14,2025-02-14,Cartão,Concluída
4517,752,20,2025-08-25,Transferência,Concluída
4518,487,14,2025-03-29,Transferência,Concluída
4519,59,20,2025-11-01,Cartão,Concluída
4520,335,17,2025-07-14,Boleto,Devolvida
4521,85,17,2025-12-04,Transferência,Concluída
4522,47,20,2025-08-22,Boleto,Concluída
4523,511,20,2025-09-23,Cartão,Concluída
4524,756,8,2025-10-05,Boleto,Concluída
4525,30,8,2025-12-04,Pix,Concluída
4526,397,2,2025-08-09,Pix,Concluída
4527,922,6,2025-01-01,Pix,Concluída
4528,65,17,2025-12-01,Transferência,Concluída
4529,125,20,2025-11-05,Transferência,Concluída
4530,607,10,2025-03-17,Boleto,Concluída
4531,522,7,2025-12-19,Pix,Concluída
4532,314,10,2025-02-13,Transferência,Concluída
4533,175,13,2025-10-01,Pix,Devolvida
4534,17,4,2025-09-06,Cartão,Concluída
4535,438,3,2025-12-05,Boleto,Concluída
4536,282,1,2025-10-09,Boleto,Concluída
4537,117,18,2025-09-14,Cartão,Concluída
4538,327,10,2025-07-05,Cartão,Concluída
4539,580,11,2025-09-06,Cartão,Concluída
4540,833,6,2025-10-25,Cartão,Concluída
4541,394,8,2025-12-01,Cartão,Concluída
4542,321,4,2025-03-05,Cartão,Concluída
4543,350,5,2025-12-04,Boleto,Concluída
4544,287,20,2025-06-06,Transferência,Concluída
4545,988,6,2025-08-29,Pix,Concluída
4546,600,10,2025-11-09,Pix,Concluída
4547,695,12,2025-07-16,Cartão,Concluída
4548,141,2,2025-06-19,Cartão,Concluída
4549,854,15,2025-04-30,Pix,Concluída
4550,884,7,2025-08-08,Pix,Cancelada
4551,994,10,2025-06-18,Cartão,Concluída
4552,952,13,2025-05-29,Cartão,Concluída
4553,237,12,2025-12-12,Cartão,Concluída
4554,441,1,2025-06-27,Cartão,Concluída
4555,990,17,2025-11-02,Transferência,Concluída
4556,970,18,2025-07-06,Pix,Cancelada
4557,462,12,2025-01-05,Boleto,Concluída
4558,663,10,2025-10-15,Boleto,Concluída
4559,701,20,2025-08-17,Cartão,Concluída
4560,846,12,2025-05-05,Pix,Concluída
4561,105,1,2025-12-09,Cartão,Concluída
4562,986,5,2025-09-10,Boleto,Concluída
4563,720,20,2025-11-28,Cartão,Concluída
4564,672,4,2025-08-22,Cartão,Concluída
4565,786,3,2025-04-08,Transferência,Concluída
4566,681,20,2025-11-12,Pix,Concluída
4567,276,15,2025-11-10,Transferência,Cancelada
4568,357,14,2025-02-24,Cartão,Concluída
4569,719,16,2025-07-23,Pix,Concluída
4570,980,2,2025-03-02,Cartão,Concluída
4571,964,13,2025-07-24,Pix,Concluída
4572,501,9,2025-03-07,Boleto,Concluída
4573,273,4,2025-09-26,Pix,Concluída
4574,275,1,2025-09-18,Cartão,Concluída
4575,157,18,2025-11-04,Boleto,Concluída
4576,337,8,2025-07-27,Transferência,Concluída
4577,488,18,2025-04-17,Pix,Concluída
4578,594,16,2025-06-06,Cartão,Concluída
4579,159,1,2025-10-01,Transferência,Concluída
4580,481,19,2025-05-28,Cartão,Concluída
4581,845,5,2025-01-31,Pix,Concluída
4582,357,6,2025-11-26,Cartão,Concluída
4583,539,2,2025-04-15,Transferência,Concluída
4584,960,10,2025-02-04,Cartão,Concluída
4585,270,19,2025-12-11,Transferência,Concluída
4586,696,3,2025-11-27,Pix,Concluída
4587,955,5,2025-08-28,Cartão,Concluída
4588,27,4,2025-07-04,Transferência,Concluída
4589,642,18,2025-11-02,Pix,Concluída
4590,783,13,2025-07-08,Boleto,Concluída
4591,774,6,2025-05-05,Boleto,Concluída
4592,818,1,2025-04-22,Boleto,Concluída
4593,720,4,2025-06-14,Cartão,Concluída
4594,207,20,2025-11-25,Cartão,Concluída
4595,709,16,2025-07-12,Boleto,Concluída
4596,622,8,2025-08-16,Transferência,Concluída
4597,891,18,2025-01-25,Pix,Concluída
4598,135,2,2025-11-24,Transferência,Concluída
4599,284,18,2025-10-22,Transferência,Concluída
4600,12,17,2025-09-20,Transferência,Concluída
4601,570,6,2025-10-13,Transferência,Concluída
4602,299,3,2025-02-28,Cartão,Concluída
4603,143,5,2025-09-28,Cartão,Concluída
4604,556,11,2025-03-25,Cartão,Concluída
4605,607,17,2025-09-15,Cartão,Cancelada
4606,23,9,2025-06-11,Cartão,Concluída
4607,740,20,2025-03-09,Cartão,Concluída
4608,550,12,2025-08-02,Cartão,Concluída
4609,531,8,2025-09-30,Transferência,Concluída
4610,786,18,2025-02-04,Transferência,Concluída
4611,258,12,2025-03-17,Cartão,Concluída
4612,531,17,2025-11-09,Transferência,Concluída
4613,789,15,2025-10-14,Transferência,Concluída
4614,113,2,2025-10-14,Pix,Concluída
4615,57,3,2025-07-21,Boleto,Concluída
4616,596,3,2025-06-12,Boleto,Concluída
4617,969,5,2025-12-29,Cartão,Concluída
4618,186,20,2025-05-12,Boleto,Concluída
4619,101,2,2025-02-04,Pix,Concluída
4620,291,3,2025-07-02,Pix,Concluída
4621,453,8,2025-10-18,Pix,Cancelada
4622,856,4,2025-09-25,Pix,Cancelada
4623,204,19,2025-06-13,Cartão,Concluída
4624,798,13,2025-05-02,Cartão,Concluída
4625,782,13,2025-03-13,Transferência,Concluída
4626,307,10,2025-08-30,Pix,Concluída
4627,328,18,2025-09-20,Boleto,Concluída
4628,69,10,2025-09-17,Transferência,Concluída
4629,459,8,2025-02-23,Boleto,Concluída
4630,106,4,2025-08-05,Pix,Concluída
4631,364,10,2025-11-24,Transferência,Concluída
4632,335,4,2025-02-17,Pix,Concluída
4633,477,2,2025-05-07,Transferência,Concluída
4634,317,5,2025-12-21,Pix,Concluída
4635,442,1,2025-08-11,Cartão,Concluída
4636,273,6,2025-08-31,Boleto,Concluída
4637,107,11,2025-04-11,Transferência,Concluída
4638,175,2,2025-09-27,Cartão,Cancelada
4639,416,7,2025-12-19,Transferência,Concluída
4640,512,18,2025-10-27,Cartão,Concluída
4641,794,19,2025-12-24,Pix,Concluída
4642,895,1,2025-02-13,Boleto,Concluída
4643,463,4,2025-03-26,Cartão,Concluída
4644,2,20,2025-04-10,Cartão,Concluída
4645,650,20,2025-01-20,Transferência,Concluída
4646,277,8,2025-01-11,Boleto,Concluída
4647,660,3,2025-02-10,Boleto,Concluída
4648,785,5,2025-11-22,Transferência,Concluída
4649,364,12,2025-07-03,Pix,Concluída
4650,515,3,2025-03-16,Pix,Concluída
4651,579,12,2025-02-15,Pix,Concluída
4652,363,7,2025-04-22,Boleto,Concluída
4653,550,6,2025-08-21,Pix,Concluída
4654,20,16,2025-12-17,Pix,Concluída
4655,963,20,2025-07-04,Pix,Concluída
4656,863,19,2025-04-13,Cartão,Concluída
4657,684,19,2025-09-26,Boleto,Concluída
4658,991,12,2025-03-05,Pix,Concluída
4659,674,14,2025-10-08,Boleto,Concluída
4660,877,3,2025-05-08,Cartão,Concluída
4661,864,10,2025-07-19,Transferência,Concluída
4662,842,15,2025-12-09,Cartão,Concluída
4663,138,4,2025-05-27,Cartão,Cancelada
4664,572,19,2025-10-28,Boleto,Devolvida
4665,748,9,2025-01-24,Pix,Concluída
4666,380,4,2025-06-14,Cartão,Concluída
4667,936,1,2025-10-02,Transferência,Concluída
4668,52,10,2025-05-13,Boleto,Concluída
4669,937,19,2025-04-27,Transferência,Cancelada
4670,916,7,2025-06-27,Boleto,Cancelada
4671,249,14,2025-10-10,Pix,Devolvida
4672,736,4,2025-11-10,Pix,Concluída
4673,56,15,2025-05-13,Pix,Concluída
4674,356,13,2025-06-10,Cartão,Concluída
4675,726,17,2025-01-05,Transferência,Concluída
4676,744,20,2025-12-13,Transferência,Concluída
4677,195,14,2025-11-02,Cartão,Devolvida
4678,979,17,2025-05-05,Transferência,Concluída
4679,629,18,2025-02-09,Pix,Concluída
4680,348,10,2025-01-15,Cartão,Concluída
4681,18,20,2025-08-08,Transferência,Concluída
4682,695,10,2025-07-09,Transferência,Concluída
4683,53,1,2025-04-21,Transferência,Concluída
4684,480,8,2025-08-09,Cartão,Concluída
4685,856,19,2025-08-26,Pix,Concluída
4686,206,10,2025-09-14,Pix,Concluída
4687,784,6,2025-06-19,Transferência,Concluída
4688,819,18,2025-12-03,Boleto,Concluída
4689,459,13,2025-03-28,Cartão,Concluída
4690,969,15,2025-12-21,Pix,Concluída
4691,99,6,2025-08-13,Transferência,Concluída
4692,825,14,2025-01-18,Pix,Concluída
4693,364,18,2025-06-07,Cartão,Concluída
4694,944,17,2025-01-08,Cartão,Concluída
4695,94,7,2025-08-29,Boleto,Concluída
4696,136,4,2025-02-01,Boleto,Cancelada
4697,799,9,2025-04-13,Pix,Concluída
4698,264,12,2025-03-28,Boleto,Concluída
4699,532,16,2025-11-26,Boleto,Concluída
4700,302,18,2025-04-25,Boleto,Concluída
4701,256,1,2025-11-08,Transferência,Cancelada
4702,587,17,2025-03-12,Boleto,Concluída
4703,251,5,2025-07-19,Cartão,Concluída
4704,716,13,2025-01-17,Transferência,Concluída
4705,885,2,2025-04-28,Transferência,Concluída
4706,473,4,2025-01-17,Pix,Concluída
4707,68,10,2025-05-12,Transferência,Cancelada
4708,675,19,2025-03-23,Boleto,Concluída
4709,988,16,2025-12-29,Pix,Concluída
4710,707,4,2025-03-11,Transferência,Concluída
4711,474,3,2025-10-03,Cartão,Concluída
4712,59,14,2025-09-13,Transferência,Concluída
4713,731,16,2025-10-01,Pix,Devolvida
4714,298,3,2025-07-29,Transferência,Concluída
4715,553,15,2025-11-09,Pix,Concluída
4716,654,11,2025-03-16,Boleto,Devolvida
4717,422,17,2025-08-07,Pix,Concluída
4718,410,1,2025-05-14,Cartão,Concluída
4719,771,16,2025-01-28,Cartão,Concluída
4720,21,17,2025-04-03,Boleto,Cancelada
4721,132,7,2025-10-19,Cartão,Devolvida
4722,566,3,2025-03-08,Transferência,Concluída
4723,64,15,2025-12-27,Transferência,Concluída
4724,608,15,2025-06-24,Boleto,Concluída
4725,73,15,2025-11-07,Cartão,Concluída
4726,512,18,2025-05-05,Cartão,Concluída
4727,866,3,2025-12-23,Transferência,Concluída
4728,562,8,2025-05-21,Transferência,Cancelada
4729,310,18,2025-10-06,Boleto,Concluída
4730,94,12,2025-09-15,Boleto,Concluída
4731,477,3,2025-09-28,Cartão,Concluída
4732,54,1,2025-02-11,Transferência,Concluída
4733,874,11,2025-10-31,Boleto,Concluída
4734,590,9,2025-04-02,Transferência,Concluída
4735,964,9,2025-11-28,Pix,Concluída
4736,994,9,2025-07-31,Pix,Concluída
4737,246,8,2025-04-19,Transferência,Concluída
4738,133,15,2025-11-14,Pix,Concluída
4739,564,8,2025-04-24,Pix,Concluída
4740,35,12,2025-03-12,Boleto,Concluída
4741,71,11,2025-09-13,Cartão,Concluída
4742,328,7,2025-02-17,Cartão,Concluída
4743,161,2,2025-05-18,Boleto,Concluída
4744,659,17,2025-01-18,Cartão,Concluída
4745,872,15,2025-05-02,Cartão,Cancelada
4746,939,2,2025-06-28,Cartão,Concluída
4747,379,17,2025-12-05,Cartão,Devolvida
4748,262,14,2025-10-18,Cartão,Concluída
4749,216,6,2025-03-06,Boleto,Concluída
4750,743,20,2025-03-10,Pix,Concluída
4751,150,18,2025-03-19,Boleto,Concluída
4752,697,15,2025-02-17,Transferência,Concluída
4753,271,9,2025-07-17,Boleto,Concluída
4754,115,5,2025-08-24,Cartão,Cancelada
4755,329,9,2025-10-25,Boleto,Concluída
4756,339,17,2025-08-25,Boleto,Concluída
4757,623,4,2025-06-08,Pix,Concluída
4758,527,5,2025-03-24,Pix,Concluída
4759,616,11,2025-12-20,Cartão,Concluída
4760,296,5,2025-08-01,Transferência,Concluída
4761,469,14,2025-01-16,Pix,Concluída
4762,968,4,2025-11-15,Pix,Concluída
4763,560,7,2025-01-26,Transferência,Concluída
4764,256,14,2025-10-14,Boleto,Cancelada
4765,677,14,2025-03-08,Pix,Concluída
4766,952,17,2025-07-30,Pix,Concluída
4767,515,11,2025-06-22,Transferência,Concluída
4768,502,2,2025-03-07,Transferência,Concluída
4769,595,16,2025-07-27,Boleto,Concluída
4770,926,7,2025-01-08,Pix,Concluída
4771,151,11,2025-05-14,Pix,Concluída
4772,394,10,2025-10-16,Transferência,Concluída
4773,683,3,2025-09-20,Cartão,Concluída
4774,332,10,2025-12-21,Boleto,Concluída
4775,118,10,2025-08-28,Cartão,Concluída
4776,542,19,2025-11-20,Pix,Concluída
4777,371,5,2025-10-03,Cartão,Concluída
4778,758,3,2025-09-01,Pix,Concluída
4779,577,7,2025-11-06,Cartão,Concluída
4780,512,1,2025-03-26,Pix,Cancelada
4781,693,1,2025-03-08,Pix,Concluída
4782,496,5,2025-08-28,Cartão,Concluída
4783,62,18,2025-10-11,Boleto,Concluída
4784,943,15,2025-05-23,Cartão,Concluída
4785,177,4,2025-11-19,Transferência,Cancelada
4786,237,14,2025-08-04,Boleto,Concluída
4787,203,1,2025-03-17,Boleto,Concluída
4788,96,18,2025-06-21,Transferência,Concluída
4789,627,4,2025-02-21,Cartão,Cancelada
4790,577,13,2025-02-06,Transferência,Concluída
4791,653,17,2025-02-01,Boleto,Concluída
4792,56,10,2025-10-23,Transferência,Cancelada
4793,322,8,2025-06-14,Boleto,Concluída
4794,394,10,2025-04-04,Pix,Concluída
4795,229,20,2025-10-10,Cartão,Concluída
4796,481,20,2025-03-14,Cartão,Concluída
4797,286,13,2025-08-26,Cartão,Concluída
4798,364,15,2025-01-19,Boleto,Concluída
4799,944,19,2025-03-05,Cartão,Concluída
4800,84,2,2025-09-18,Cartão,Concluída
4801,744,10,2025-01-07,Boleto,Concluída
4802,286,19,2025-08-02,Transferência,Concluída
4803,61,16,2025-06-23,Pix,Concluída
4804,696,4,2025-09-07,Pix,Concluída
4805,108,16,2025-10-15,Pix,Concluída
4806,268,5,2025-10-14,Cartão,Concluída
4807,876,9,2025-04-02,Pix,Concluída
4808,510,7,2025-03-26,Transferência,Concluída
4809,507,12,2025-10-07,Cartão,Concluída
4810,24,4,2025-09-08,Boleto,Concluída
4811,687,1,2025-08-15,Cartão,Concluída
4812,150,10,2025-10-03,Boleto,Concluída
4813,737,12,2025-12-15,Cartão,Concluída
4814,66,20,2025-11-28,Transferência,Concluída
4815,523,20,2025-02-24,Pix,Concluída
4816,321,18,2025-02-22,Transferência,Concluída
4817,629,17,2025-04-10,Transferência,Concluída
4818,835,16,2025-06-24,Boleto,Concluída
4819,312,5,2025-02-21,Pix,Concluída
4820,44,11,2025-12-23,Transferência,Concluída
4821,7,18,2025-11-12,Transferência,Cancelada
4822,198,19,2025-03-06,Transferência,Concluída
4823,809,11,2025-05-24,Transferência,Concluída
4824,817,16,2025-08-03,Boleto,Concluída
4825,749,4,2025-08-01,Transferência,Concluída
4826,347,12,2025-07-17,Transferência,Concluída
4827,860,17,2025-03-18,Transferência,Concluída
4828,546,17,2025-08-17,Boleto,Concluída
4829,546,16,2025-10-28,Cartão,Concluída
4830,612,14,2025-01-01,Boleto,Concluída
4831,607,9,2025-04-09,Boleto,Devolvida
4832,537,12,2025-05-18,Pix,Concluída
4833,293,1,2025-10-28,Boleto,Concluída
4834,882,2,2025-06-20,Transferência,Concluída
4835,895,2,2025-08-12,Boleto,Concluída
4836,427,19,2025-06-22,Boleto,Concluída
4837,568,17,2025-03-07,Pix,Concluída
4838,664,18,2025-01-20,Pix,Concluída
4839,948,1,2025-09-25,Transferência,Concluída
4840,989,10,2025-01-31,Cartão,Concluída
4841,300,7,2025-09-01,Cartão,Concluída
4842,569,11,2025-02-13,Transferência,Concluída
4843,101,18,2025-03-18,Boleto,Concluída
4844,870,19,2025-10-12,Cartão,Concluída
4845,874,18,2025-11-25,Transferência,Devolvida
4846,81,4,2025-07-06,Transferência,Concluída
4847,551,20,2025-11-16,Transferência,Concluída
4848,576,8,2025-11-13,Cartão,Concluída
4849,952,5,2025-04-11,Boleto,Concluída
4850,884,6,2025-06-19,Pix,Concluída
4851,298,19,2025-12-29,Transferência,Concluída
4852,543,9,2025-05-23,Transferência,Concluída
4853,600,10,2025-09-10,Pix,Devolvida
4854,449,4,2025-07-04,Transferência,Concluída
4855,647,20,2025-11-03,Cartão,Concluída
4856,368,14,2025-03-19,Boleto,Concluída
4857,779,2,2025-11-16,Cartão,Concluída
4858,357,2,2025-06-01,Cartão,Concluída
4859,942,2,2025-03-13,Boleto,Concluída
4860,714,18,2025-06-15,Boleto,Concluída
4861,843,9,2025-06-27,Boleto,Concluída
4862,610,15,2025-10-19,Boleto,Cancelada
4863,932,6,2025-09-18,Cartão,Concluída
4864,828,9,2025-02-02,Transferência,Concluída
4865,525,13,2025-07-12,Transferência,Concluída
4866,531,16,2025-01-15,Pix,Concluída
4867,211,16,2025-11-06,Pix,Concluída
4868,222,7,2025-03-16,Pix,Concluída
4869,431,8,2025-09-12,Cartão,Concluída
4870,963,14,2025-09-24,Cartão,Concluída
4871,147,1,2025-04-17,Boleto,Concluída
4872,215,10,2025-05-24,Boleto,Concluída
4873,195,7,2025-09-23,Cartão,Concluída
4874,187,20,2025-03-13,Boleto,Concluída
4875,337,20,2025-01-19,Pix,Concluída
4876,600,3,2025-02-18,Pix,Concluída
4877,598,18,2025-10-26,Pix,Concluída
4878,553,11,2025-08-21,Boleto,Concluída
4879,208,16,2025-08-03,Boleto,Concluída
4880,536,2,2025-11-20,Transferência,Devolvida
4881,512,10,2025-03-25,Cartão,Concluída
4882,738,4,2025-07-10,Cartão,Concluída
4883,70,3,2025-11-29,Pix,Concluída
4884,645,19,2025-11-03,Pix,Cancelada
4885,307,5,2025-05-09,Boleto,Concluída
4886,916,12,2025-06-07,Transferência,Concluída
4887,124,19,2025-02-07,Cartão,Concluída
4888,456,9,2025-06-28,Boleto,Concluída
4889,724,15,2025-03-17,Boleto,Concluída
4890,696,18,2025-03-16,Cartão,Concluída
4891,632,20,2025-09-25,Cartão,Concluída
4892,757,5,2025-11-15,Pix,Concluída
4893,281,9,2025-05-12,Pix,Concluída
4894,185,11,2025-03-20,Boleto,Concluída
4895,795,7,2025-05-05,Pix,Concluída
4896,773,13,2025-03-29,Boleto,Concluída
4897,315,2,2025-04-04,Transferência,Concluída
4898,667,8,2025-02-10,Transferência,Concluída
4899,996,14,2025-01-02,Cartão,Devolvida
4900,607,20,2025-01-15,Transferência,Concluída
4901,787,11,2025-01-24,Pix,Concluída
4902,445,6,2025-03-07,Transferência,Concluída
4903,87,17,2025-02-25,Pix,Concluída
4904,527,15,2025-09-27,Transferência,Concluída
4905,494,7,2025-02-14,Boleto,Concluída
4906,969,14,2025-08-10,Boleto,Concluída
4907,554,16,2025-12-25,Cartão,Concluída
4908,260,5,2025-10-31,Pix,Concluída
4909,995,17,2025-08-03,Pix,Concluída
4910,289,17,2025-10-04,Cartão,Concluída
4911,172,7,2025-10-15,Cartão,Concluída
4912,297,13,2025-04-17,Pix,Concluída
4913,158,16,2025-06-06,Cartão,Concluída
4914,911,2,2025-07-30,Boleto,Concluída
4915,585,8,2025-07-07,Cartão,Concluída
4916,44,3,2025-04-08,Cartão,Devolvida
4917,589,11,2025-12-26,Cartão,Concluída
4918,773,12,2025-07-04,Pix,Concluída
4919,315,8,2025-06-03,Transferência,Concluída
4920,177,2,2025-11-28,Pix,Concluída
4921,10,9,2025-04-20,Transferência,Concluída
4922,855,15,2025-10-09,Transferência,Concluída
4923,472,16,2025-09-09,Boleto,Concluída
4924,573,15,2025-02-09,Transferência,Concluída
4925,742,12,2025-06-29,Boleto,Concluída
4926,821,13,2025-10-14,Pix,Concluída
4927,76,4,2025-09-07,Boleto,Devolvida
4928,432,10,2025-07-15,Boleto,Concluída
4929,881,16,2025-10-24,Transferência,Concluída
4930,256,7,2025-06-22,Pix,Cancelada
4931,891,4,2025-11-13,Pix,Concluída
4932,444,5,2025-05-25,Boleto,Concluída
4933,131,5,2025-06-05,Cartão,Concluída
4934,575,5,2025-04-14,Pix,Concluída
4935,118,15,2025-07-09,Transferência,Concluída
4936,973,19,2025-01-03,Pix,Concluída
4937,134,12,2025-09-17,Pix,Concluída
4938,827,17,2025-03-04,Pix,Concluída
4939,91,11,2025-07-11,Transferência,Concluída
4940,717,15,2025-09-29,Pix,Cancelada
4941,635,5,2025-09-12,Transferência,Concluída
4942,108,17,2025-07-08,Boleto,Concluída
4943,458,11,2025-12-18,Transferência,Concluída
4944,826,3,2025-03-27,Pix,Concluída
4945,724,3,2025-11-26,Boleto,Concluída
4946,602,12,2025-08-19,Pix,Concluída
4947,373,5,2025-05-23,Cartão,Concluída
4948,883,20,2025-06-17,Cartão,Concluída
4949,534,1,2025-12-26,Boleto,Concluída
4950,195,5,2025-04-25,Cartão,Concluída
4951,479,4,2025-10-21,Pix,Concluída
4952,150,17,2025-04-06,Pix,Concluída
4953,629,16,2025-01-20,Cartão,Concluída
4954,593,16,2025-12-22,Cartão,Concluída
4955,382,4,2025-03-09,Pix,Concluída
4956,491,2,2025-02-23,Boleto,Concluída
4957,866,8,2025-07-18,Cartão,Concluída
4958,106,16,2025-08-07,Cartão,Concluída
4959,350,6,2025-10-21,Pix,Concluída
4960,69,14,2025-11-04,Transferência,Concluída
4961,469,18,2025-03-09,Pix,Concluída
4962,192,9,2025-05-14,Cartão,Concluída
4963,289,14,2025-04-04,Transferência,Concluída
4964,609,20,2025-09-22,Cartão,Concluída
4965,813,4,2025-03-12,Pix,Concluída
4966,467,4,2025-06-05,Boleto,Concluída
4967,173,9,2025-01-03,Cartão,Concluída
4968,349,7,2025-10-30,Transferência,Concluída
4969,790,13,2025-03-27,Pix,Concluída
4970,817,1,2025-02-12,Cartão,Cancelada
4971,850,10,2025-10-28,Cartão,Concluída
4972,907,16,2025-02-25,Boleto,Concluída
4973,389,17,2025-05-02,Pix,Concluída
4974,926,12,2025-09-24,Cartão,Concluída
4975,84,18,2025-08-02,Boleto,Concluída
4976,44,18,2025-10-11,Cartão,Concluída
4977,568,6,2025-12-17,Cartão,Concluída
4978,167,15,2025-11-30,Pix,Concluída
4979,925,20,2025-10-10,Boleto,Concluída
4980,620,19,2025-09-19,Boleto,Devolvida
4981,145,9,2025-05-18,Pix,Concluída
4982,263,6,2025-03-25,Boleto,Concluída
4983,514,15,2025-05-28,Boleto,Concluída
4984,855,2,2025-03-17,Boleto,Cancelada
4985,319,19,2025-11-10,Transferência,Concluída
4986,528,2,2025-07-25,Transferência,Concluída
4987,911,2,2025-12-04,Pix,Concluída
4988,377,8,2025-11-29,Transferência,Concluída
4989,617,1,2025-10-12,Transferência,Concluída
4990,951,8,2025-06-29,Boleto,Concluída
4991,914,16,2025-12-29,Transferência,Concluída
4992,640,15,2025-08-28,Transferência,Concluída
4993,138,11,2025-06-10,Boleto,Concluída
4994,837,14,2025-11-16,Transferência,Concluída
4995,707,14,2025-09-03,Transferência,Concluída
4996,590,9,2025-08-18,Cartão,Concluída
4997,354,4,2025-03-29,Transferência,Concluída
4998,174,16,2025-09-21,Boleto,Concluída
4999,380,7,2025-12-10,Cartão,Concluída
5000,737,17,2025-01-12,Transferência,Concluída
